id,created_at,updated_at,name,category,subcategory,short_description,long_description,product_family,collection,brand_source,supplier_internal,archetype_id,archetype_confidence,image_url,gallery_urls,documents,indicative_price,price_min,price_max,style_tags,ambience_tags,palette_tags,material_tags,use_case_tags,technical_tags,product_type_tags,main_color,secondary_color,available_colors,color_variants,dimensions_length_cm,dimensions_width_cm,dimensions_height_cm,seat_height_cm,weight_kg,table_shape,default_seating_capacity,recommended_seating_min,recommended_seating_max,combinable,combined_capacity_if_joined,is_outdoor,is_stackable,is_chr_heavy_use,uv_resistant,weather_resistant,fire_retardant,lightweight,easy_maintenance,customizable,dismountable,requires_assembly,material_structure,material_seat,country_of_manufacture,warranty,maintenance_info,stock_status,stock_quantity,estimated_delivery_days,availability_type,popularity_score,priority_score,data_quality_score,is_canonical_instance,duplicate_of,publish_status,partner_id,name_fr,name_es,name_it,short_description_fr,short_description_es,short_description_it,long_description_fr,long_description_es,long_description_it,maintenance_info_fr,maintenance_info_es,maintenance_info_it,environment_urls,dimension_variants,built_in_umbrella_hole,umbrella_hole_diameter_mm,top_thickness_cm,is_tippable,extension_capability,extension_max_length_cm,outdoor_anchor_compatible,fabric_g_m2,fabric_certification,min_base_weight_kg,pole_diameter_mm,heating_compatible,wind_beaufort_max,cushion_quick_dry,salt_water_resistance,chlorine_resistance,sand_drainage,nesting_capacity,available_modules,seat_depth_cm,cushion_replacement_available,acoustic_nrc,table_top_height_cm,subdivision,footrest,swivel,has_armrests,chair_structure_type,outdoor_classification,usage_mode,primary_designer,owner_brand_id
0af177ca-5887-441b-b17f-030fb2de5b85,2026-03-31T13:59:34.787164+00:00,2026-05-01T12:44:27.41972+00:00,ANGEL 001,chairs,Dining Chair,ANGEL 001 — Shell & polypropylene chair,"Avec ses lignes fluides et contemporaines, cette chaise apporte une touche moderne et légère à tous les espaces CHR. Son design enveloppant assure un bon maintien tout en conservant une silhouette aérienne, idéale pour créer des ambiances actuelles et dynamiques.

Conçue en polypropylène, elle est parfaitement adaptée à un usage professionnel intensif, aussi bien en intérieur qu’en terrasse. Facile d’entretien et résistante aux conditions extérieures, elle s’intègre aussi bien dans un café urbain que sur une terrasse ensoleillée.",,,,,,1,https://gwgcfgeouropcighpztj.supabase.co/storage/v1/object/public/product-images/products/angel-001-1774965572766-1.jpg,"[""https://gwgcfgeouropcighpztj.supabase.co/storage/v1/object/public/product-images/products/angel-001-1774965572766-1.jpg""]",[],,75.6,,"[""modern""]","[""convivial""]","[""cool""]","[""polypropylene""]","[""restaurant-terrace"", ""cafe-frontage"", ""high-volume-brasserie"", ""event-dining"", ""food-court""]","[""chr-heavy-use"", ""easy-maintenance"", ""indoor-outdoor"", ""lightweight"", ""stackable"", ""uv-resistant"", ""weather-resistant""]","{""arm_type"": ""no-arms"", ""seat_type"": ""pp-shell"", ""stack_max"": 6, ""back_height"": ""mid"", ""comfort_tier"": ""comfortable"", ""cushion_type"": ""none"", ""frame_material"": ""pp-standard""}",green,,[],[],54,52,80,45,32,,,,,false,,true,true,true,true,true,false,true,true,false,false,false,polypropylene,pp-shell,Portugal,2 ans,,in_stock,80,15,available,0.5,0.5,0.76,true,,published,2dfa6955-a3d9-4185-adc2-f66922eeeaf7,,,,,,,,,,,,,"[""https://gwgcfgeouropcighpztj.supabase.co/storage/v1/object/public/product-images/products/angel-001-1774965573304-20.jpg""]",[],false,,,false,false,,false,,Unknown,,,false,,false,false,false,false,,[],,false,,,unknown,false,false,,,,,,2dfa6955-a3d9-4185-adc2-f66922eeeaf7
c60bb6ce-bcb8-4ee7-a87f-16d2016f04fc,2026-03-31T14:21:07.200144+00:00,2026-05-01T12:44:27.41972+00:00,BAHAMAS 001,chairs,Dining Chair,BAHAMAS 001 — Stacking & synthetic rattan chair,"Inspirée des terrasses emblématiques, cette chaise bistrot séduit par son charme authentique et son tressage graphique. L’association du motif contrasté et de la structure effet bois apporte du caractère tout en restant élégante et accueillante.

Pensée pour un usage professionnel, elle est à la fois légère, résistante et parfaitement adaptée aux environnements extérieurs. Son design iconique permet de créer des terrasses chaleureuses et reconnaissables au premier regard.",,,,,,1,https://gwgcfgeouropcighpztj.supabase.co/storage/v1/object/public/product-images/products/206895dc-5c42-41a2-9f92-a1ccfccdd2f9/gallery-1774966647288-0xuiah.jpg,"[""https://gwgcfgeouropcighpztj.supabase.co/storage/v1/object/public/product-images/products/206895dc-5c42-41a2-9f92-a1ccfccdd2f9/gallery-1774966647288-0xuiah.jpg"", ""https://gwgcfgeouropcighpztj.supabase.co/storage/v1/object/public/product-images/products/206895dc-5c42-41a2-9f92-a1ccfccdd2f9/gallery-1774966647849-966jor.jpg""]",[],,120.14,,"[""bistro""]","[""relaxed""]","[""bicolor"", ""dark""]","[""synthetic-rattan""]","[""restaurant-terrace"", ""cafe-frontage"", ""high-volume-brasserie"", ""poolside"", ""beach-club""]","[""chr-heavy-use"", ""easy-maintenance"", ""indoor-outdoor"", ""lightweight"", ""stackable"", ""uv-resistant"", ""weather-resistant""]","{""arm_type"": ""no-arms"", ""seat_type"": ""rattan-woven"", ""stack_max"": 8, ""silhouette"": ""bistrot"", ""comfort_tier"": ""comfortable"", ""cushion_type"": ""none"", ""frame_material"": ""rattan-nat""}",black,natural,[],[],58,48,89,46,3.9,,,,,false,,true,true,true,true,true,false,true,true,false,false,false,synthetic-rattan,rattan-woven,Portugal,2 ans,,in_stock,90,15,available,0.5,0.5,0.8,true,,published,2dfa6955-a3d9-4185-adc2-f66922eeeaf7,,,,,,,,,,,,,"[""https://gwgcfgeouropcighpztj.supabase.co/storage/v1/object/public/product-images/products/206895dc-5c42-41a2-9f92-a1ccfccdd2f9/env-1774966648284-wx1k2t.jpg""]",[],false,,,false,false,,false,,Unknown,,,false,,false,false,false,false,,[],,false,,,unknown,false,false,,,,,,2dfa6955-a3d9-4185-adc2-f66922eeeaf7
c7dbbbad-4a2f-4002-a4c1-500361ab754f,2026-03-31T14:21:17.825452+00:00,2026-05-01T12:44:27.41972+00:00,BAHIA 001,chairs,Dining Chair,BAHIA 001 — Stacking & textilene chair,"Cette chaise revisite l’esprit bistrot avec une approche plus contemporaine et épurée. Son dossier arrondi associé à un tressage fin aux tons naturels apporte une touche de douceur et de modernité à vos espaces.

Sa structure robuste et son assise confortable en font une solution parfaitement adaptée à un usage professionnel, aussi bien en intérieur qu’en extérieur. Facile à intégrer, elle permet de créer des ambiances lumineuses et harmonieuses.",,,,,,1,https://gwgcfgeouropcighpztj.supabase.co/storage/v1/object/public/product-images/products/206895dc-5c42-41a2-9f92-a1ccfccdd2f9/gallery-1774966829869-4el6vg.jpg,"[""https://gwgcfgeouropcighpztj.supabase.co/storage/v1/object/public/product-images/products/206895dc-5c42-41a2-9f92-a1ccfccdd2f9/gallery-1774966829869-4el6vg.jpg""]",[],,103.53,,"[""modern""]","[""relaxed""]","[""cool""]","[""aluminium"", ""textilene""]","[""restaurant-terrace"", ""cafe-frontage"", ""high-volume-brasserie"", ""poolside"", ""hotel-garden""]","[""chr-heavy-use"", ""easy-maintenance"", ""indoor-outdoor"", ""lightweight"", ""stackable"", ""uv-resistant"", ""weather-resistant""]","{""seat_type"": ""mesh"", ""frame_material"": ""alu-powder""}",green,,[],[],58,45,81,45,,,,,,false,,true,true,true,true,true,false,true,true,false,false,false,aluminium,mesh,Portugal,2 ans,,in_stock,80,15,available,0.5,0.5,0.73,true,,published,2dfa6955-a3d9-4185-adc2-f66922eeeaf7,,,,,,,,,,,,,"[""https://gwgcfgeouropcighpztj.supabase.co/storage/v1/object/public/product-images/products/206895dc-5c42-41a2-9f92-a1ccfccdd2f9/env-1774966830353-sazhy2.jpg""]",[],false,,,false,false,,false,,Unknown,,,false,,false,false,false,false,,[],,false,,,unknown,false,false,,,,,,2dfa6955-a3d9-4185-adc2-f66922eeeaf7
921bfa5a-969a-4964-a8cb-66fc123d894c,2026-03-31T14:48:59.901431+00:00,2026-05-01T12:44:27.41972+00:00,COSTA RICA 004,armchairs,Dining Chair,COSTA RICA 004 — Stacking & textilene chair,"Ce fauteuil s’inspire des grands classiques du mobilier bistrot avec une structure travaillée et des lignes arrondies pleines de charme. Son assise tressée aux tons naturels apporte une touche douce et authentique, idéale pour créer des ambiances chaleureuses.

Grâce à ses accoudoirs et à sa conception robuste, il offre un excellent confort tout en répondant aux exigences d’un usage professionnel intensif. Parfait pour aménager des terrasses élégantes au style intemporel.",,,,,,1,https://gwgcfgeouropcighpztj.supabase.co/storage/v1/object/public/product-images/products/206895dc-5c42-41a2-9f92-a1ccfccdd2f9/gallery-1774968481459-dmxs0r.jpg,"[""https://gwgcfgeouropcighpztj.supabase.co/storage/v1/object/public/product-images/products/206895dc-5c42-41a2-9f92-a1ccfccdd2f9/gallery-1774968481459-dmxs0r.jpg"", ""https://gwgcfgeouropcighpztj.supabase.co/storage/v1/object/public/product-images/products/206895dc-5c42-41a2-9f92-a1ccfccdd2f9/gallery-1774968482258-zdkzfr.jpg""]",[],,112.38,,"[""bistro"", ""resort"", ""tropical""]","[""relaxed""]","[""dark""]","[""aluminium"", ""textilene""]","[""restaurant-terrace"", ""cafe-frontage"", ""high-volume-brasserie"", ""poolside"", ""hotel-garden""]","[""chr-heavy-use"", ""easy-maintenance"", ""indoor-outdoor"", ""lightweight"", ""stackable"", ""uv-resistant"", ""weather-resistant""]","{""arm_type"": ""with-arms"", ""seat_type"": ""mesh"", ""stack_max"": 6, ""silhouette"": ""bistrot"", ""back_height"": ""mid"", ""cushion_type"": ""none"", ""frame_material"": ""alu-powder""}",brown,,[],[],59,55,78,46,3,,,,,false,,true,true,true,true,true,false,true,true,false,false,false,aluminium,mesh,Portugal,2 ans,,in_stock,60,15,available,0.5,0.5,0.86,true,,published,2dfa6955-a3d9-4185-adc2-f66922eeeaf7,,,,,,,,,,,,,"[""https://gwgcfgeouropcighpztj.supabase.co/storage/v1/object/public/product-images/products/206895dc-5c42-41a2-9f92-a1ccfccdd2f9/env-1774968483483-js49q8.jpg""]",[],false,,,false,false,,false,,Unknown,,,false,,false,false,false,false,,[],,false,,,unknown,false,false,,,,,,2dfa6955-a3d9-4185-adc2-f66922eeeaf7
bc2003ae-e04f-4d2c-a608-826e63db74e2,2026-03-31T14:49:00.819855+00:00,2026-05-01T12:44:27.41972+00:00,COSTA RICA 001,chairs,Dining Chair,COSTA RICA 001 — Stacking & textilene chair,"Inspirée des grands classiques du mobilier bistrot, cette chaise séduit par ses lignes arrondies et sa structure travaillée. Son assise tressée aux tons naturels apporte une touche douce et authentique, parfaite pour créer une ambiance chaleureuse.

Conçue pour un usage professionnel, elle allie légèreté, robustesse et facilité d’entretien, tout en étant adaptée à une utilisation intérieure comme extérieure. Elle s’intègre naturellement dans des terrasses élégantes au style intemporel.",,,,,,1,https://gwgcfgeouropcighpztj.supabase.co/storage/v1/object/public/product-images/products/206895dc-5c42-41a2-9f92-a1ccfccdd2f9/gallery-1774968334240-brix8w.jpg,"[""https://gwgcfgeouropcighpztj.supabase.co/storage/v1/object/public/product-images/products/206895dc-5c42-41a2-9f92-a1ccfccdd2f9/gallery-1774968334240-brix8w.jpg"", ""https://gwgcfgeouropcighpztj.supabase.co/storage/v1/object/public/product-images/products/206895dc-5c42-41a2-9f92-a1ccfccdd2f9/gallery-1774968335325-wj79ca.jpg""]",[],,96,,"[""bistro"", ""tropical""]","[""relaxed""]","[""dark""]","[""aluminium"", ""textilene""]","[""restaurant-terrace"", ""cafe-frontage"", ""high-volume-brasserie"", ""poolside"", ""hotel-garden""]","[""chr-heavy-use"", ""easy-maintenance"", ""indoor-outdoor"", ""stackable"", ""uv-resistant"", ""weather-resistant""]","{""seat_type"": ""mesh"", ""frame_material"": ""alu-powder""}",brown,,[],[],59,55,78,46,,,,,,false,,true,true,true,true,true,false,false,true,false,false,false,aluminium,mesh,Portugal,2 ans,,in_stock,80,15,available,0.5,0.5,0.78,true,,published,2dfa6955-a3d9-4185-adc2-f66922eeeaf7,,,,,,,,,,,,,"[""https://gwgcfgeouropcighpztj.supabase.co/storage/v1/object/public/product-images/products/206895dc-5c42-41a2-9f92-a1ccfccdd2f9/env-1774968336758-aotbxt.jpg""]",[],false,,,false,false,,false,,Unknown,,,false,,false,false,false,false,,[],,false,,,unknown,false,false,,,,,,2dfa6955-a3d9-4185-adc2-f66922eeeaf7
385fa900-4b86-45d1-a860-7d7f4898314c,2026-03-31T14:49:01.593362+00:00,2026-05-01T12:44:27.41972+00:00,CANNES 004,chairs,Dining Chair,CANNES 004 — 4 Leg & rope chair,"Avec son design épuré et son tressage intégral, ce fauteuil apporte une touche raffinée et minimaliste à vos espaces. Son coloris sobre et sa silhouette enveloppante en font une pièce facile à intégrer dans des environnements modernes et premium.

Pensé pour un usage professionnel, il combine confort, légèreté et résistance aux conditions extérieures. Idéal pour structurer une terrasse élégante ou un espace lounge avec cohérence et discrétion.",,,,,,1,https://gwgcfgeouropcighpztj.supabase.co/storage/v1/object/public/product-images/products/206895dc-5c42-41a2-9f92-a1ccfccdd2f9/gallery-1774968133283-blrm5e.jpg,"[""https://gwgcfgeouropcighpztj.supabase.co/storage/v1/object/public/product-images/products/206895dc-5c42-41a2-9f92-a1ccfccdd2f9/gallery-1774968133283-blrm5e.jpg"", ""https://gwgcfgeouropcighpztj.supabase.co/storage/v1/object/public/product-images/products/206895dc-5c42-41a2-9f92-a1ccfccdd2f9/gallery-1774968133882-yzmhe6.jpg""]",[],,137.83,,"[""lounge"", ""mediterranean""]","[""relaxed""]","[""bicolor"", ""dark""]","[""aluminium"", ""rope""]","[""restaurant-terrace"", ""cafe-frontage"", ""high-volume-brasserie"", ""poolside"", ""boutique-hotel""]","[""chr-heavy-use"", ""indoor-outdoor"", ""lightweight"", ""uv-resistant"", ""weather-resistant""]","{""seat_type"": ""rope-woven"", ""frame_material"": ""alu-powder""}",anthracite,natural,[],[],61,58,76,45,3.6,,,,,false,,true,false,true,true,true,false,true,false,false,false,false,aluminium,rope-woven,Portugal,2 ans,,in_stock,70,15,available,0.5,0.5,0.86,true,,published,2dfa6955-a3d9-4185-adc2-f66922eeeaf7,,,,,,,,,,,,,"[""https://gwgcfgeouropcighpztj.supabase.co/storage/v1/object/public/product-images/products/206895dc-5c42-41a2-9f92-a1ccfccdd2f9/env-1774968134313-8evtee.jpg""]",[],false,,,false,false,,false,,Unknown,,,false,,false,false,false,false,,[],,false,,,unknown,false,false,,,,,,2dfa6955-a3d9-4185-adc2-f66922eeeaf7
fbb8129c-b44c-4007-af67-21c8092e0e1d,2026-03-31T14:49:02.154032+00:00,2026-05-01T12:44:27.41972+00:00,BOGOTÁ 004,armchairs,Dining Chair,BOGOTÁ 004 — Stacking & synthetic rattan chair,"Ce fauteuil reprend les codes iconiques du bistrot traditionnel avec un tressage coloré qui attire immédiatement le regard. Son design chaleureux et son jeu de contrastes apportent du relief et de la personnalité à votre terrasse.

Doté d’accoudoirs confortables et d’une structure robuste, il est parfaitement conçu pour un usage professionnel intensif. Idéal pour créer une ambiance conviviale et vivante, il s’intègre aussi bien dans une brasserie que sur une terrasse ensoleillée.",,,,,,1,https://gwgcfgeouropcighpztj.supabase.co/storage/v1/object/public/product-images/products/206895dc-5c42-41a2-9f92-a1ccfccdd2f9/gallery-1774967885224-j6m479.jpg,"[""https://gwgcfgeouropcighpztj.supabase.co/storage/v1/object/public/product-images/products/206895dc-5c42-41a2-9f92-a1ccfccdd2f9/gallery-1774967885224-j6m479.jpg""]",[],,129.2,,"[""bistro"", ""modern""]","[""convivial""]","[""pastel""]","[""aluminium"", ""synthetic-rattan""]","[""restaurant-terrace"", ""cafe-frontage"", ""high-volume-brasserie"", ""poolside"", ""beach-club""]","[""chr-heavy-use"", ""easy-maintenance"", ""indoor-outdoor"", ""lightweight"", ""stackable"", ""uv-resistant"", ""weather-resistant""]","{""seat_type"": ""rattan-woven"", ""stack_max"": 8, ""silhouette"": ""bistrot"", ""back_height"": ""mid"", ""cushion_type"": ""none"", ""frame_material"": ""alu-powder""}",cream,,[],[],57,55,79,45,4.5,,,,,false,,true,true,true,true,true,false,true,true,false,false,false,aluminium,synthetic-rattan,Portugal,2 ans,,in_stock,80,15,available,0.5,0.5,0.84,true,,published,2dfa6955-a3d9-4185-adc2-f66922eeeaf7,,,,,,,,,,,,,"[""https://gwgcfgeouropcighpztj.supabase.co/storage/v1/object/public/product-images/products/206895dc-5c42-41a2-9f92-a1ccfccdd2f9/env-1774967885720-a27sdy.jpg"", ""https://gwgcfgeouropcighpztj.supabase.co/storage/v1/object/public/product-images/products/206895dc-5c42-41a2-9f92-a1ccfccdd2f9/env-1774967886606-5yt1v9.jpg""]",[],false,,,false,false,,false,,Unknown,,,false,,false,false,false,false,,[],,false,,,unknown,false,false,,,,,,2dfa6955-a3d9-4185-adc2-f66922eeeaf7
05cb1c88-21cc-40f2-b15f-6f8c8a000185,2026-03-31T14:49:02.782621+00:00,2026-05-01T12:44:27.41972+00:00,BALI 004,armchairs,Dining Chair,BALI 004 — 4 Leg & rope chair,"Ce fauteuil allie structure épurée et tressage élégant pour créer une assise à la fois moderne et chaleureuse. Son dossier enveloppant en corde apporte légèreté visuelle et confort, tout en donnant du caractère à vos espaces.

Conçu pour un usage professionnel, il offre une excellente résistance aux conditions extérieures tout en restant facile d’entretien. Sa silhouette aérienne permet d’aménager des terrasses contemporaines avec une touche naturelle et haut de gamme.",,,,,,1,https://gwgcfgeouropcighpztj.supabase.co/storage/v1/object/public/product-images/products/206895dc-5c42-41a2-9f92-a1ccfccdd2f9/gallery-1774967664370-s0o17f.jpg,"[""https://gwgcfgeouropcighpztj.supabase.co/storage/v1/object/public/product-images/products/206895dc-5c42-41a2-9f92-a1ccfccdd2f9/gallery-1774967664370-s0o17f.jpg"", ""https://gwgcfgeouropcighpztj.supabase.co/storage/v1/object/public/product-images/products/206895dc-5c42-41a2-9f92-a1ccfccdd2f9/gallery-1774967664910-rx2gwh.jpg""]",[],,216.14,,"[""lounge"", ""luxury"", ""modern""]","[""relaxed""]","[""bicolor"", ""dark""]","[""aluminium"", ""rope""]","[""restaurant-terrace"", ""cafe-frontage"", ""high-volume-brasserie"", ""poolside"", ""boutique-hotel""]","[""chr-heavy-use"", ""easy-maintenance"", ""indoor-outdoor"", ""lightweight"", ""stackable"", ""uv-resistant"", ""weather-resistant""]","{""arm_type"": ""with-arms"", ""seat_type"": ""rope-woven"", ""stack_max"": 8, ""silhouette"": ""lounge"", ""back_height"": ""mid"", ""comfort_tier"": ""comfortable"", ""cushion_type"": ""none"", ""frame_material"": ""alu-powder""}",anthracite,natural,[],[],57,59,72,44,4.3,,,,,false,,true,true,true,true,true,false,true,true,false,false,false,aluminium,rope-woven,Portugal,2 ans,,in_stock,70,15,available,0.5,0.5,0.83,true,,published,2dfa6955-a3d9-4185-adc2-f66922eeeaf7,,,,,,,,,,,,,"[""https://gwgcfgeouropcighpztj.supabase.co/storage/v1/object/public/product-images/products/206895dc-5c42-41a2-9f92-a1ccfccdd2f9/env-1774967665322-v9kuww.jpg""]",[],false,,,false,false,,false,,Unknown,,,false,,false,false,false,false,,[],,false,,,unknown,false,false,,,,,,2dfa6955-a3d9-4185-adc2-f66922eeeaf7
aa3bc140-3b5c-4286-9a3e-78bbb0c2a7c4,2026-03-31T14:49:03.296094+00:00,2026-05-01T12:44:27.41972+00:00,BAHIA 004,armchairs,Dining Chair,BAHIA 004 — Stacking & textilene chair,"Dans la continuité de l’esprit bistrot revisité, ce fauteuil apporte une touche de confort supplémentaire tout en conservant une esthétique douce et moderne. Son dossier arrondi et son tressage fin aux teintes naturelles créent une ambiance chaleureuse et accueillante.

Équipé d’accoudoirs intégrés, il offre une assise plus enveloppante, idéale pour prolonger l’expérience client en terrasse comme en intérieur. Sa structure robuste est parfaitement adaptée à un usage professionnel intensif.",,,,,,1,https://gwgcfgeouropcighpztj.supabase.co/storage/v1/object/public/product-images/products/206895dc-5c42-41a2-9f92-a1ccfccdd2f9/gallery-1774967322423-za4kgp.jpg,"[""https://gwgcfgeouropcighpztj.supabase.co/storage/v1/object/public/product-images/products/206895dc-5c42-41a2-9f92-a1ccfccdd2f9/gallery-1774967322423-za4kgp.jpg""]",[],,125.84,,"[""modern""]","[""relaxed""]","[""cool""]","[""aluminium"", ""textilene""]","[""restaurant-terrace"", ""cafe-frontage"", ""high-volume-brasserie"", ""poolside"", ""hotel-garden""]","[""chr-heavy-use"", ""easy-maintenance"", ""indoor-outdoor"", ""lightweight"", ""stackable"", ""uv-resistant"", ""weather-resistant""]","{""seat_type"": ""mesh"", ""stack_max"": 6, ""back_height"": ""mid"", ""comfort_tier"": ""comfortable"", ""cushion_type"": ""none"", ""frame_material"": ""alu-powder""}",green,,[],[],58,57,80,45,3.7,,,,,false,,true,true,true,true,true,false,true,true,false,false,false,aluminium,mesh,Portugal,2 ans,,in_stock,80,15,available,0.5,0.5,0.76,true,,published,2dfa6955-a3d9-4185-adc2-f66922eeeaf7,,,,,,,,,,,,,"[""https://gwgcfgeouropcighpztj.supabase.co/storage/v1/object/public/product-images/products/206895dc-5c42-41a2-9f92-a1ccfccdd2f9/env-1774967322880-o7tuw2.jpg""]",[],false,,,false,false,,false,,Unknown,,,false,,false,false,false,false,,[],,false,,,unknown,false,false,,,,,,2dfa6955-a3d9-4185-adc2-f66922eeeaf7
2ba0a814-c1a1-4ab6-82ef-5f834a36afcb,2026-03-31T16:08:54.135093+00:00,2026-05-01T12:44:27.41972+00:00,DURBAN 004-G,chairs,Dining Chair,DURBAN 004-G — 4 Leg & rope chair,"Avec son design inspiré des matériaux naturels, ce fauteuil séduit par ses lignes douces et son tressage fin qui apporte chaleur et authenticité à vos espaces. Sa structure effet bois associée à une assise enveloppante crée une atmosphère apaisante et haut de gamme.

Équipé d’accoudoirs pour un confort optimal, il est parfaitement adapté à un usage professionnel, en intérieur comme en extérieur. Idéal pour aménager des terrasses élégantes ou des espaces lounge au style naturel.",,,,,,1,https://gwgcfgeouropcighpztj.supabase.co/storage/v1/object/public/product-images/products/206895dc-5c42-41a2-9f92-a1ccfccdd2f9/gallery-1774973302015-ski6kh.jpg,"[""https://gwgcfgeouropcighpztj.supabase.co/storage/v1/object/public/product-images/products/206895dc-5c42-41a2-9f92-a1ccfccdd2f9/gallery-1774973302015-ski6kh.jpg""]",[],,100.51,,"[""modern""]","[""relaxed""]","[""bicolor"", ""dark""]","[""aluminium"", ""rope""]","[""restaurant-terrace"", ""cafe-frontage"", ""high-volume-brasserie"", ""poolside"", ""boutique-hotel""]","[""chr-heavy-use"", ""indoor-outdoor"", ""stackable"", ""uv-resistant"", ""weather-resistant""]","{""seat_type"": ""rope-woven"", ""frame_material"": ""alu-powder""}",anthracite,natural,[],[],60,56,77,44,3.6,,,,,false,,true,true,true,true,true,false,false,false,false,false,false,aluminium,rope-woven,Portugal,2 ans,,in_stock,62,15,discontinued,0.5,0.5,0.71,true,a2c16340-0bd6-4e58-8c04-ac7de84dbf77,published,2dfa6955-a3d9-4185-adc2-f66922eeeaf7,,,,,,,,,,,,,[],[],false,,,false,false,,false,,Unknown,,,false,,false,false,false,false,,[],,false,,,unknown,false,false,,,,,,2dfa6955-a3d9-4185-adc2-f66922eeeaf7
a2c16340-0bd6-4e58-8c04-ac7de84dbf77,2026-03-31T16:08:54.900085+00:00,2026-05-01T12:44:27.41972+00:00,DURBAN 004-BG,armchairs,Dining Chair,DURBAN 004-BG — 4 Leg & rope chair,"Avec son design inspiré des matériaux naturels, ce fauteuil séduit par ses lignes douces et son tressage fin qui apporte chaleur et authenticité à vos espaces. Sa structure effet bois associée à une assise enveloppante crée une atmosphère apaisante et haut de gamme.

Équipé d’accoudoirs pour un confort optimal, il est parfaitement adapté à un usage professionnel, en intérieur comme en extérieur. Idéal pour aménager des terrasses élégantes ou des espaces lounge au style naturel.",,,,,,1,https://gwgcfgeouropcighpztj.supabase.co/storage/v1/object/public/product-images/products/206895dc-5c42-41a2-9f92-a1ccfccdd2f9/gallery-1774973228449-0s3auk.jpg,"[""https://gwgcfgeouropcighpztj.supabase.co/storage/v1/object/public/product-images/products/206895dc-5c42-41a2-9f92-a1ccfccdd2f9/gallery-1774973228449-0s3auk.jpg""]",[],,108.55,,"[""luxury"", ""modern""]","[""relaxed""]","[""bicolor"", ""cool""]","[""aluminium"", ""rope""]","[""restaurant-terrace"", ""cafe-frontage"", ""high-volume-brasserie"", ""poolside"", ""boutique-hotel""]","[""chr-heavy-use"", ""indoor-outdoor"", ""stackable"", ""uv-resistant"", ""weather-resistant""]","{""seat_type"": ""rope-woven"", ""stack_max"": 6, ""back_height"": ""mid"", ""comfort_tier"": ""comfortable"", ""cushion_type"": ""none"", ""frame_material"": ""alu-powder""}",grey,natural,"[""grey"", ""anthracite""]","[{""label_en"": ""Grey"", ""available"": true, ""color_hex"": ""#9CA3AF"", ""image_url"": ""https://gwgcfgeouropcighpztj.supabase.co/storage/v1/object/public/product-images/products/206895dc-5c42-41a2-9f92-a1ccfccdd2f9/gallery-1774973228449-0s3auk.jpg"", ""color_slug"": ""grey""}, {""label_en"": ""Anthracite"", ""available"": true, ""color_hex"": ""#374151"", ""image_url"": ""https://gwgcfgeouropcighpztj.supabase.co/storage/v1/object/public/product-images/products/206895dc-5c42-41a2-9f92-a1ccfccdd2f9/gallery-1774973302015-ski6kh.jpg"", ""color_slug"": ""anthracite""}]",60,56,77,44,3.6,,,,,false,,true,true,true,true,true,false,false,false,false,false,false,aluminium,rope-woven,Portugal,2 ans,,in_stock,65,15,available,0.5,0.5,0.74,true,,published,2dfa6955-a3d9-4185-adc2-f66922eeeaf7,,,,,,,,,,,,,[],[],false,,,false,false,,false,,Unknown,,,false,,false,false,false,false,,[],,false,,,unknown,false,false,,,,,,2dfa6955-a3d9-4185-adc2-f66922eeeaf7
2f2ea822-3fe7-4502-876a-b7f648a0cda0,2026-03-31T19:53:58.784343+00:00,2026-05-01T12:44:27.41972+00:00,SARDENHA 004,armchairs,Dining Chair,SARDENHA 004 — Stacking & synthetic rattan chair,"Avec son tressage aux nuances orangées et naturelles, ce fauteuil apporte une touche vibrante et chaleureuse à vos espaces. Son design dynamique capte immédiatement le regard et donne du caractère à votre terrasse.

Doté d’accoudoirs pour un confort renforcé, il est parfaitement adapté à un usage professionnel en intérieur comme en extérieur. Robuste et facile d’entretien, il permet de créer des ambiances conviviales et différenciantes.",,,,,,1,https://gwgcfgeouropcighpztj.supabase.co/storage/v1/object/public/product-images/products/206895dc-5c42-41a2-9f92-a1ccfccdd2f9/gallery-1774982825219-lirldx.jpg,"[""https://gwgcfgeouropcighpztj.supabase.co/storage/v1/object/public/product-images/products/206895dc-5c42-41a2-9f92-a1ccfccdd2f9/gallery-1774982825219-lirldx.jpg""]",[],,137.91,,"[""bistro"", ""mediterranean""]","[""relaxed""]","[""pastel""]","[""aluminium"", ""synthetic-rattan""]","[""restaurant-terrace"", ""cafe-frontage"", ""high-volume-brasserie"", ""poolside"", ""beach-club""]","[""chr-heavy-use"", ""easy-maintenance"", ""indoor-outdoor"", ""stackable"", ""uv-resistant"", ""weather-resistant""]","{""arm_type"": ""with-arms"", ""seat_type"": ""rattan-woven"", ""stack_max"": 8, ""silhouette"": ""bistrot"", ""back_height"": ""mid"", ""comfort_tier"": ""comfortable"", ""cushion_type"": ""none"", ""frame_material"": ""alu-powder""}",cream,,[],[],60,56,84,45,4.2,,,,,false,,true,true,true,true,true,false,false,true,false,false,false,aluminium,synthetic-rattan,Portugal,2 ans,,in_stock,75,15,available,0.5,0.5,0.81,true,,published,2dfa6955-a3d9-4185-adc2-f66922eeeaf7,,,,,,,,,,,,,"[""https://gwgcfgeouropcighpztj.supabase.co/storage/v1/object/public/product-images/products/206895dc-5c42-41a2-9f92-a1ccfccdd2f9/env-1774982825584-hyb44h.jpg"", ""https://gwgcfgeouropcighpztj.supabase.co/storage/v1/object/public/product-images/products/206895dc-5c42-41a2-9f92-a1ccfccdd2f9/env-1774982825960-3ogjz9.jpg""]",[],false,,,false,false,,false,,Unknown,,,false,,false,false,false,false,,[],,false,,,unknown,false,false,,,,,,2dfa6955-a3d9-4185-adc2-f66922eeeaf7
7549e2dd-bd70-4ff8-977b-892f0a3486ea,2026-03-31T19:54:25.496952+00:00,2026-05-01T12:44:27.41972+00:00,SARDENHA 001,chairs,Dining Chair,SARDENHA 001 — Stacking & synthetic rattan chair,"Avec son tressage aux nuances orangées et naturelles, cette chaise apporte une touche vibrante et chaleureuse à vos espaces. Son design dynamique capte immédiatement le regard et donne du caractère à votre terrasse.

Sa structure effet bois et sa conception robuste en font une solution parfaitement adaptée à un usage professionnel, aussi bien en intérieur qu’en extérieur. Elle permet de créer des ambiances conviviales, lumineuses et différenciantes.",,,,,,1,https://gwgcfgeouropcighpztj.supabase.co/storage/v1/object/public/product-images/products/206895dc-5c42-41a2-9f92-a1ccfccdd2f9/gallery-1774982710246-nd1s4d.jpg,"[""https://gwgcfgeouropcighpztj.supabase.co/storage/v1/object/public/product-images/products/206895dc-5c42-41a2-9f92-a1ccfccdd2f9/gallery-1774982710246-nd1s4d.jpg""]",[],,121.35,,"[""bistro"", ""mediterranean""]","[""relaxed""]","[""pastel""]","[""aluminium"", ""synthetic-rattan""]","[""restaurant-terrace"", ""cafe-frontage"", ""high-volume-brasserie"", ""poolside"", ""beach-club""]","[""chr-heavy-use"", ""easy-maintenance"", ""indoor-outdoor"", ""stackable"", ""uv-resistant"", ""weather-resistant""]","{""arm_type"": ""no-arms"", ""seat_type"": ""rattan-woven"", ""silhouette"": ""bistrot"", ""comfort_tier"": ""comfortable"", ""cushion_type"": ""none"", ""frame_material"": ""alu-powder""}",cream,,[],[],57,45,88,45,4,,,,,false,,true,true,true,true,true,false,false,true,false,false,false,aluminium,synthetic-rattan,Portugal,2 ans,,in_stock,127,15,available,0.5,0.5,0.81,true,,published,2dfa6955-a3d9-4185-adc2-f66922eeeaf7,,,,,,,,,,,,,"[""https://gwgcfgeouropcighpztj.supabase.co/storage/v1/object/public/product-images/products/206895dc-5c42-41a2-9f92-a1ccfccdd2f9/env-1774982710795-yo8sc4.jpg"", ""https://gwgcfgeouropcighpztj.supabase.co/storage/v1/object/public/product-images/products/206895dc-5c42-41a2-9f92-a1ccfccdd2f9/env-1774982711205-wa46yr.jpg""]",[],false,,,false,false,,false,,Unknown,,,false,,false,false,false,false,,[],,false,,,unknown,false,false,,,,,,2dfa6955-a3d9-4185-adc2-f66922eeeaf7
9efdbfe6-f5c0-4b29-bacf-4022da4fa3ed,2026-03-31T19:54:26.763348+00:00,2026-05-01T12:44:27.41972+00:00,RECIFE 004,chairs,Dining Chair,RECIFE 004 — Stacking & synthetic rattan chair,"Avec son tressage aux teintes sombres et sa structure effet bois, ce fauteuil apporte une touche élégante et moderne tout en conservant l’esprit bistrot traditionnel. Son design équilibré permet de créer des ambiances raffinées et harmonieuses.

Doté d’accoudoirs pour un confort renforcé, il est parfaitement adapté à un usage professionnel en intérieur comme en extérieur. Robuste et facile d’entretien, il s’intègre idéalement dans des terrasses chic et intemporelles.",,,,,,1,https://gwgcfgeouropcighpztj.supabase.co/storage/v1/object/public/product-images/products/206895dc-5c42-41a2-9f92-a1ccfccdd2f9/gallery-1774982558020-2omuo2.jpg,"[""https://gwgcfgeouropcighpztj.supabase.co/storage/v1/object/public/product-images/products/206895dc-5c42-41a2-9f92-a1ccfccdd2f9/gallery-1774982558020-2omuo2.jpg"", ""https://gwgcfgeouropcighpztj.supabase.co/storage/v1/object/public/product-images/products/206895dc-5c42-41a2-9f92-a1ccfccdd2f9/gallery-1774982558378-nu72ac.jpg"", ""https://gwgcfgeouropcighpztj.supabase.co/storage/v1/object/public/product-images/products/206895dc-5c42-41a2-9f92-a1ccfccdd2f9/gallery-1774982558682-f95u66.jpg"", ""https://gwgcfgeouropcighpztj.supabase.co/storage/v1/object/public/product-images/products/206895dc-5c42-41a2-9f92-a1ccfccdd2f9/gallery-1774982559156-xezcud.jpg""]",[],,108.93,,"[""bistro"", ""tropical""]","[""relaxed""]","[""bicolor"", ""dark""]","[""aluminium"", ""synthetic-rattan""]","[""restaurant-terrace"", ""cafe-frontage"", ""high-volume-brasserie"", ""poolside"", ""beach-club""]","[""chr-heavy-use"", ""easy-maintenance"", ""indoor-outdoor"", ""lightweight"", ""stackable"", ""uv-resistant"", ""weather-resistant""]","{""seat_type"": ""rattan-woven"", ""frame_material"": ""alu-powder""}",black,natural,[],[],60,54,89,45,3.8,,,,,false,,true,true,true,true,true,false,true,true,false,false,false,aluminium,synthetic-rattan,Portugal,2 ans,,in_stock,98,15,available,0.5,0.5,0.86,true,,published,2dfa6955-a3d9-4185-adc2-f66922eeeaf7,,,,,,,,,,,,,"[""https://gwgcfgeouropcighpztj.supabase.co/storage/v1/object/public/product-images/products/206895dc-5c42-41a2-9f92-a1ccfccdd2f9/env-1774982559503-wd7uwj.jpg""]",[],false,,,false,false,,false,,Unknown,,,false,,false,false,false,false,,[],,false,,,unknown,false,false,,,,,,2dfa6955-a3d9-4185-adc2-f66922eeeaf7
d9bd2f9b-883a-4fe2-9d9b-92ad7c6f7e84,2026-03-31T19:54:27.544672+00:00,2026-05-01T12:44:27.41972+00:00,RECIFE 001,chairs,Dining Chair,RECIFE 001 — Stacking & synthetic rattan chair,"Avec son tressage aux teintes sombres et sa structure effet bois, cette chaise apporte une touche élégante et moderne tout en conservant l’esprit bistrot traditionnel. Son design équilibré permet de créer des ambiances raffinées et faciles à harmoniser.

Conçue pour un usage professionnel, elle offre résistance, stabilité et entretien simple, idéale pour une utilisation quotidienne en intérieur comme en extérieur. Elle s’intègre parfaitement dans des terrasses chic et intemporelles.",,,,,,1,https://gwgcfgeouropcighpztj.supabase.co/storage/v1/object/public/product-images/products/206895dc-5c42-41a2-9f92-a1ccfccdd2f9/gallery-1774982421864-lbsvz7.jpg,"[""https://gwgcfgeouropcighpztj.supabase.co/storage/v1/object/public/product-images/products/206895dc-5c42-41a2-9f92-a1ccfccdd2f9/gallery-1774982421864-lbsvz7.jpg"", ""https://gwgcfgeouropcighpztj.supabase.co/storage/v1/object/public/product-images/products/206895dc-5c42-41a2-9f92-a1ccfccdd2f9/gallery-1774982422697-8xf9xu.jpg"", ""https://gwgcfgeouropcighpztj.supabase.co/storage/v1/object/public/product-images/products/206895dc-5c42-41a2-9f92-a1ccfccdd2f9/gallery-1774982422884-5t8kz7.jpg"", ""https://gwgcfgeouropcighpztj.supabase.co/storage/v1/object/public/product-images/products/206895dc-5c42-41a2-9f92-a1ccfccdd2f9/gallery-1774982423078-67adpg.jpg""]",[],,94,,"[""bistro"", ""tropical""]","[""relaxed""]","[""bicolor"", ""dark""]","[""aluminium"", ""synthetic-rattan""]","[""restaurant-terrace"", ""cafe-frontage"", ""high-volume-brasserie"", ""poolside"", ""beach-club""]","[""chr-heavy-use"", ""easy-maintenance"", ""indoor-outdoor"", ""lightweight"", ""stackable"", ""uv-resistant"", ""weather-resistant""]","{""seat_type"": ""rattan-woven"", ""frame_material"": ""alu-powder""}",black,natural,[],[],61,42,88,45,3.5,,,,,false,,true,true,true,true,true,false,true,true,false,false,false,aluminium,synthetic-rattan,Portugal,2 ans,,in_stock,187,15,available,0.5,0.5,0.86,true,,published,2dfa6955-a3d9-4185-adc2-f66922eeeaf7,,,,,,,,,,,,,"[""https://gwgcfgeouropcighpztj.supabase.co/storage/v1/object/public/product-images/products/206895dc-5c42-41a2-9f92-a1ccfccdd2f9/env-1774982423249-3pixs9.jpg""]",[],false,,,false,false,,false,,Unknown,,,false,,false,false,false,false,,[],,false,,,unknown,false,false,,,,,,2dfa6955-a3d9-4185-adc2-f66922eeeaf7
8953bd30-332f-4593-b563-76fb38b8b784,2026-03-31T19:54:28.011753+00:00,2026-05-01T12:44:27.41972+00:00,PORTO RICO 004,chairs,Dining Chair,PORTO RICO 004 — Stacking & synthetic rattan chair,"Avec son tressage aux teintes bleutées et naturelles, ce fauteuil évoque instantanément les terrasses ensoleillées et l’ambiance bord de mer. Son design graphique et sa structure effet bois apportent légèreté et caractère à vos espaces.

Doté d’accoudoirs pour un confort renforcé, il est parfaitement adapté à un usage professionnel en intérieur comme en extérieur. Idéal pour créer des terrasses attractives, conviviales et différenciantes.",,,,,,1,https://gwgcfgeouropcighpztj.supabase.co/storage/v1/object/public/product-images/products/206895dc-5c42-41a2-9f92-a1ccfccdd2f9/gallery-1774982238501-oypnju.jpg,"[""https://gwgcfgeouropcighpztj.supabase.co/storage/v1/object/public/product-images/products/206895dc-5c42-41a2-9f92-a1ccfccdd2f9/gallery-1774982238501-oypnju.jpg"", ""https://gwgcfgeouropcighpztj.supabase.co/storage/v1/object/public/product-images/products/206895dc-5c42-41a2-9f92-a1ccfccdd2f9/gallery-1774982238831-t2ds7s.jpg"", ""https://gwgcfgeouropcighpztj.supabase.co/storage/v1/object/public/product-images/products/206895dc-5c42-41a2-9f92-a1ccfccdd2f9/gallery-1774982239095-5z3ru6.jpg"", ""https://gwgcfgeouropcighpztj.supabase.co/storage/v1/object/public/product-images/products/206895dc-5c42-41a2-9f92-a1ccfccdd2f9/gallery-1774982239295-ggszzs.jpg""]",[],,118.09,,"[""bistro"", ""tropical""]","[""relaxed""]","[""bicolor"", ""cool""]","[""aluminium"", ""synthetic-rattan""]","[""restaurant-terrace"", ""cafe-frontage"", ""high-volume-brasserie"", ""poolside"", ""beach-club""]","[""chr-heavy-use"", ""easy-maintenance"", ""indoor-outdoor"", ""stackable"", ""uv-resistant"", ""weather-resistant""]","{""seat_type"": ""rattan-woven"", ""frame_material"": ""alu-powder""}",blue,natural,[],[],60,58,80,46,3.6,,,,,false,,true,true,true,true,true,false,false,true,false,false,false,aluminium,rattan-woven,Portugal,2 ans,,in_stock,79,15,available,0.5,0.5,0.86,true,,published,2dfa6955-a3d9-4185-adc2-f66922eeeaf7,,,,,,,,,,,,,"[""https://gwgcfgeouropcighpztj.supabase.co/storage/v1/object/public/product-images/products/206895dc-5c42-41a2-9f92-a1ccfccdd2f9/env-1774982239516-i5cb5h.jpg""]",[],false,,,false,false,,false,,Unknown,,,false,,false,false,false,false,,[],,false,,,unknown,false,false,,,,,,2dfa6955-a3d9-4185-adc2-f66922eeeaf7
5ccb7737-20db-4652-8ecb-68ee72c40b9b,2026-03-31T19:54:28.625539+00:00,2026-05-01T12:44:27.41972+00:00,PORTO RICO 001,chairs,Dining Chair,PORTO RICO 001 — Stacking & synthetic rattan chair,"Avec son tressage aux teintes bleutées et naturelles, cette chaise évoque immédiatement les terrasses ensoleillées et l’ambiance bord de mer. Son design léger et son motif graphique apportent une touche dynamique et lumineuse à vos espaces.

Sa structure effet bois et sa conception robuste en font une solution parfaitement adaptée à un usage professionnel, aussi bien en intérieur qu’en extérieur. Idéale pour créer des terrasses attractives et différenciantes.",,,,,,1,https://gwgcfgeouropcighpztj.supabase.co/storage/v1/object/public/product-images/products/206895dc-5c42-41a2-9f92-a1ccfccdd2f9/gallery-1774982095748-jwjtph.jpg,"[""https://gwgcfgeouropcighpztj.supabase.co/storage/v1/object/public/product-images/products/206895dc-5c42-41a2-9f92-a1ccfccdd2f9/gallery-1774982095748-jwjtph.jpg"", ""https://gwgcfgeouropcighpztj.supabase.co/storage/v1/object/public/product-images/products/206895dc-5c42-41a2-9f92-a1ccfccdd2f9/gallery-1774982096450-d7ssj5.jpg"", ""https://gwgcfgeouropcighpztj.supabase.co/storage/v1/object/public/product-images/products/206895dc-5c42-41a2-9f92-a1ccfccdd2f9/gallery-1774982096640-nkpomc.jpg"", ""https://gwgcfgeouropcighpztj.supabase.co/storage/v1/object/public/product-images/products/206895dc-5c42-41a2-9f92-a1ccfccdd2f9/gallery-1774982096829-0t28fm.jpg""]",[],,109.47,,"[""bistro"", ""tropical""]","[""relaxed""]","[""bicolor"", ""cool""]","[""aluminium"", ""synthetic-rattan""]","[""restaurant-terrace"", ""cafe-frontage"", ""high-volume-brasserie"", ""poolside"", ""beach-club""]","[""chr-heavy-use"", ""easy-maintenance"", ""indoor-outdoor"", ""stackable"", ""uv-resistant"", ""weather-resistant""]","{""seat_type"": ""rattan-woven"", ""frame_material"": ""alu-powder""}",blue,natural,[],[],59,55,78,46,3.2,,,,,false,,true,true,true,true,true,false,false,true,false,false,false,aluminium,rattan-woven,Portugal,2 ans,,in_stock,73,15,available,0.5,0.5,0.86,true,,published,2dfa6955-a3d9-4185-adc2-f66922eeeaf7,,,,,,,,,,,,,"[""https://gwgcfgeouropcighpztj.supabase.co/storage/v1/object/public/product-images/products/206895dc-5c42-41a2-9f92-a1ccfccdd2f9/env-1774982097037-bvl2fh.jpg""]",[],false,,,false,false,,false,,Unknown,,,false,,false,false,false,false,,[],,false,,,unknown,false,false,,,,,,2dfa6955-a3d9-4185-adc2-f66922eeeaf7
cbd1905d-d30f-42df-a0f2-a61acb33fd5a,2026-03-31T19:54:29.116744+00:00,2026-05-01T12:44:27.41972+00:00,PANAMÁ 004,chairs,Dining Chair,PANAMÁ 004 — Stacking & synthetic rattan chair,"Dans la pure tradition des terrasses emblématiques, ce fauteuil reprend les codes du bistrot avec un tressage classique et une structure effet bois pleine de caractère. Son motif aux tons chaleureux apporte une touche élégante et authentique.

Équipé d’accoudoirs pour plus de confort, il est parfaitement adapté à un usage professionnel intensif, en intérieur comme en extérieur. Il permet de créer des espaces conviviaux tout en offrant une expérience client plus agréable.",,,,,,1,https://gwgcfgeouropcighpztj.supabase.co/storage/v1/object/public/product-images/products/206895dc-5c42-41a2-9f92-a1ccfccdd2f9/gallery-1774981879689-9pxhsy.jpg,"[""https://gwgcfgeouropcighpztj.supabase.co/storage/v1/object/public/product-images/products/206895dc-5c42-41a2-9f92-a1ccfccdd2f9/gallery-1774981879689-9pxhsy.jpg"", ""https://gwgcfgeouropcighpztj.supabase.co/storage/v1/object/public/product-images/products/206895dc-5c42-41a2-9f92-a1ccfccdd2f9/gallery-1774981880289-z3tbxf.jpg"", ""https://gwgcfgeouropcighpztj.supabase.co/storage/v1/object/public/product-images/products/206895dc-5c42-41a2-9f92-a1ccfccdd2f9/gallery-1774981880489-45nogs.jpg"", ""https://gwgcfgeouropcighpztj.supabase.co/storage/v1/object/public/product-images/products/206895dc-5c42-41a2-9f92-a1ccfccdd2f9/gallery-1774981880688-xsmt0s.jpg""]",[],,118.53,,"[""bistro"", ""tropical""]","[""convivial""]","[""pastel""]","[""aluminium"", ""synthetic-rattan""]","[""restaurant-terrace"", ""cafe-frontage"", ""high-volume-brasserie"", ""poolside"", ""beach-club""]","[""chr-heavy-use"", ""easy-maintenance"", ""indoor-outdoor"", ""stackable"", ""uv-resistant"", ""weather-resistant""]","{""seat_type"": ""rattan-woven"", ""frame_material"": ""alu-powder""}",cream,,[],[],60,57,87,45,4.4,,,,,false,,true,true,true,true,true,false,false,true,false,false,false,aluminium,synthetic-rattan,Portugal,2 ans,,in_stock,87,15,available,0.5,0.5,0.86,true,,published,2dfa6955-a3d9-4185-adc2-f66922eeeaf7,,,,,,,,,,,,,"[""https://gwgcfgeouropcighpztj.supabase.co/storage/v1/object/public/product-images/products/206895dc-5c42-41a2-9f92-a1ccfccdd2f9/env-1774981880901-ygxwcb.jpg""]",[],false,,,false,false,,false,,Unknown,,,false,,false,false,false,false,,[],,false,,,unknown,false,false,,,,,,2dfa6955-a3d9-4185-adc2-f66922eeeaf7
ce169f30-3cb8-4b8e-8ec5-fdac320d7bac,2026-03-31T19:54:29.59125+00:00,2026-05-01T12:44:27.41972+00:00,PANAMÁ 001,chairs,Dining Chair,PANAMÁ 001 — Stacking & synthetic rattan chair,"Avec son tressage classique et sa structure effet bois, cette chaise incarne parfaitement l’esprit des terrasses traditionnelles. Son motif aux tons chaleureux apporte du caractère tout en restant élégant et facile à intégrer.

Conçue pour un usage professionnel, elle offre une excellente résistance et un entretien simple, idéale pour une utilisation quotidienne en intérieur comme en extérieur. Elle permet de créer des ambiances conviviales et authentiques.",,,,,,1,https://gwgcfgeouropcighpztj.supabase.co/storage/v1/object/public/product-images/products/206895dc-5c42-41a2-9f92-a1ccfccdd2f9/gallery-1774981729173-wdtijv.jpg,"[""https://gwgcfgeouropcighpztj.supabase.co/storage/v1/object/public/product-images/products/206895dc-5c42-41a2-9f92-a1ccfccdd2f9/gallery-1774981729173-wdtijv.jpg"", ""https://gwgcfgeouropcighpztj.supabase.co/storage/v1/object/public/product-images/products/206895dc-5c42-41a2-9f92-a1ccfccdd2f9/gallery-1774981729963-govzbs.jpg"", ""https://gwgcfgeouropcighpztj.supabase.co/storage/v1/object/public/product-images/products/206895dc-5c42-41a2-9f92-a1ccfccdd2f9/gallery-1774981730183-xqjmnr.jpg"", ""https://gwgcfgeouropcighpztj.supabase.co/storage/v1/object/public/product-images/products/206895dc-5c42-41a2-9f92-a1ccfccdd2f9/gallery-1774981730386-lzzln8.jpg""]",[],,107.78,,"[""bistro"", ""tropical""]","[""convivial""]","[""dark""]","[""aluminium"", ""synthetic-rattan""]","[""restaurant-terrace"", ""cafe-frontage"", ""high-volume-brasserie"", ""poolside"", ""beach-club""]","[""chr-heavy-use"", ""easy-maintenance"", ""indoor-outdoor"", ""stackable"", ""uv-resistant"", ""weather-resistant""]","{""arm_type"": ""no-arms"", ""seat_type"": ""rattan-woven"", ""silhouette"": ""bistrot"", ""comfort_tier"": ""comfortable"", ""cushion_type"": ""none"", ""frame_material"": ""alu-powder""}",brown,,[],[],59,49,89,46,3.7,,,,,false,,true,true,true,true,true,false,false,true,false,false,false,aluminium,rattan-woven,Portugal,2 ans,,in_stock,126,15,available,0.5,0.5,0.86,true,,published,2dfa6955-a3d9-4185-adc2-f66922eeeaf7,,,,,,,,,,,,,"[""https://gwgcfgeouropcighpztj.supabase.co/storage/v1/object/public/product-images/products/206895dc-5c42-41a2-9f92-a1ccfccdd2f9/env-1774981730580-f49273.jpg""]",[],false,,,false,false,,false,,Unknown,,,false,,false,false,false,false,,[],,false,,,unknown,false,false,,,,,,2dfa6955-a3d9-4185-adc2-f66922eeeaf7
9e740d79-e44c-4291-af6a-5cb4ece79944,2026-03-31T19:54:30.111098+00:00,2026-05-01T12:44:27.41972+00:00,MEMO 002,armchairs,Dining Chair,MEMO 002 — Shell & polypropylene chair,"Dans la continuité de l’esprit bistrot revisité, ce fauteuil apporte une touche de fraîcheur grâce à son tressage aux teintes douces et ses détails subtils. Sa structure effet bois associée à des accents colorés crée une ambiance lumineuse et accueillante.

Doté d’accoudoirs pour un confort supérieur, il est parfaitement adapté à un usage professionnel en intérieur comme en extérieur. Idéal pour aménager des terrasses conviviales avec une identité estivale et différenciante.",,,,,,1,https://gwgcfgeouropcighpztj.supabase.co/storage/v1/object/public/product-images/products/206895dc-5c42-41a2-9f92-a1ccfccdd2f9/gallery-1774981514242-ed0o3q.jpg,"[""https://gwgcfgeouropcighpztj.supabase.co/storage/v1/object/public/product-images/products/206895dc-5c42-41a2-9f92-a1ccfccdd2f9/gallery-1774981514242-ed0o3q.jpg"", ""https://gwgcfgeouropcighpztj.supabase.co/storage/v1/object/public/product-images/products/206895dc-5c42-41a2-9f92-a1ccfccdd2f9/gallery-1774981515026-3davd5.jpg"", ""https://gwgcfgeouropcighpztj.supabase.co/storage/v1/object/public/product-images/products/206895dc-5c42-41a2-9f92-a1ccfccdd2f9/gallery-1774981515222-t2h1hj.jpg"", ""https://gwgcfgeouropcighpztj.supabase.co/storage/v1/object/public/product-images/products/206895dc-5c42-41a2-9f92-a1ccfccdd2f9/gallery-1774981515698-nqz5j2.jpg""]",[],,123.48,,"[""bistro"", ""modern""]","[""relaxed""]","[""bicolor"", ""cool""]","[""polypropylene"", ""synthetic-rattan""]","[""restaurant-terrace"", ""cafe-frontage"", ""high-volume-brasserie"", ""event-dining"", ""food-court""]","[""chr-heavy-use"", ""easy-maintenance"", ""indoor-outdoor"", ""lightweight"", ""stackable"", ""uv-resistant"", ""weather-resistant""]","{""arm_type"": ""with-arms"", ""seat_type"": ""rattan-woven"", ""stack_max"": 8, ""silhouette"": ""bistrot"", ""back_height"": ""high"", ""comfort_tier"": ""comfortable"", ""cushion_type"": ""none"", ""frame_material"": ""pp-standard""}",blue,natural,[],[],57,55,86,46,3.9,,,,,false,,true,true,true,true,true,false,true,true,false,false,false,polypropylene,rattan-woven,Portugal,2 ans,,in_stock,142,15,available,0.5,0.5,0.86,true,,published,2dfa6955-a3d9-4185-adc2-f66922eeeaf7,,,,,,,,,,,,,"[""https://gwgcfgeouropcighpztj.supabase.co/storage/v1/object/public/product-images/products/206895dc-5c42-41a2-9f92-a1ccfccdd2f9/env-1774981516255-9uslfo.jpg""]",[],false,,,false,false,,false,,Unknown,,,false,,false,false,false,false,,[],,false,,,unknown,false,false,,,,,,2dfa6955-a3d9-4185-adc2-f66922eeeaf7
74ffdef8-12e2-4b96-a9cb-40142361c5ec,2026-03-31T19:54:30.55748+00:00,2026-05-01T12:44:27.41972+00:00,MEMO 001,chairs,Dining Chair,MEMO 001 — Shell & polypropylene chair,"Avec son tressage aux teintes douces et ses détails subtils, cette chaise revisite l’esprit bistrot avec une touche de fraîcheur. Sa structure effet bois associée à des accents colorés apporte légèreté et originalité à vos espaces.

Conçue pour un usage professionnel, elle allie résistance, facilité d’entretien et confort. Idéale pour créer des terrasses lumineuses et accueillantes, elle s’intègre parfaitement dans des ambiances estivales ou bord de mer.",,,,,,1,https://gwgcfgeouropcighpztj.supabase.co/storage/v1/object/public/product-images/products/206895dc-5c42-41a2-9f92-a1ccfccdd2f9/gallery-1774981353928-ro8gyt.jpg,"[""https://gwgcfgeouropcighpztj.supabase.co/storage/v1/object/public/product-images/products/206895dc-5c42-41a2-9f92-a1ccfccdd2f9/gallery-1774981353928-ro8gyt.jpg"", ""https://gwgcfgeouropcighpztj.supabase.co/storage/v1/object/public/product-images/products/206895dc-5c42-41a2-9f92-a1ccfccdd2f9/gallery-1774981354463-uor2ha.jpg"", ""https://gwgcfgeouropcighpztj.supabase.co/storage/v1/object/public/product-images/products/206895dc-5c42-41a2-9f92-a1ccfccdd2f9/gallery-1774981354672-igwvt4.jpg"", ""https://gwgcfgeouropcighpztj.supabase.co/storage/v1/object/public/product-images/products/206895dc-5c42-41a2-9f92-a1ccfccdd2f9/gallery-1774981354855-9nq65z.jpg""]",[],,107.1,,"[""bistro"", ""modern""]","[""relaxed""]","[""bicolor"", ""cool""]","[""polypropylene"", ""synthetic-rattan""]","[""restaurant-terrace"", ""cafe-frontage"", ""high-volume-brasserie"", ""event-dining"", ""food-court""]","[""chr-heavy-use"", ""easy-maintenance"", ""indoor-outdoor"", ""lightweight"", ""stackable"", ""uv-resistant"", ""weather-resistant""]","{""seat_type"": ""rattan-woven"", ""frame_material"": ""pp-standard""}",blue,natural,[],[],57,46,86,46,3.2,,,,,false,,true,true,true,true,true,false,true,true,false,false,false,polypropylene,rattan-woven,Portugal,2 ans,,in_stock,96,15,available,0.5,0.5,0.86,true,,published,2dfa6955-a3d9-4185-adc2-f66922eeeaf7,,,,,,,,,,,,,"[""https://gwgcfgeouropcighpztj.supabase.co/storage/v1/object/public/product-images/products/206895dc-5c42-41a2-9f92-a1ccfccdd2f9/env-1774981355049-lw6z9d.jpg""]",[],false,,,false,false,,false,,Unknown,,,false,,false,false,false,false,,[],,false,,,unknown,false,false,,,,,,2dfa6955-a3d9-4185-adc2-f66922eeeaf7
b037a72a-30b7-4bf4-9b07-50c76823b782,2026-03-31T19:54:31.122019+00:00,2026-05-01T12:44:27.41972+00:00,MANAUS 004-B,armchairs,Dining Chair,MANAUS 004-B — 4 Leg & aluminium chair,"Avec son dossier incurvé et ses lignes fluides, ce fauteuil offre une assise enveloppante pensée pour le confort. Son revêtement texturé et ses teintes sobres apportent une touche élégante et moderne à vos espaces.

Sa structure robuste associée à une assise généreusement rembourrée en fait une solution idéale pour un usage professionnel, notamment dans les environnements où le confort est essentiel. Il permet de créer des ambiances chaleureuses tout en conservant une esthétique raffinée.",,,,,,1,https://gwgcfgeouropcighpztj.supabase.co/storage/v1/object/public/product-images/products/206895dc-5c42-41a2-9f92-a1ccfccdd2f9/gallery-1774980967933-z1xbrb.jpg,"[""https://gwgcfgeouropcighpztj.supabase.co/storage/v1/object/public/product-images/products/206895dc-5c42-41a2-9f92-a1ccfccdd2f9/gallery-1774980967933-z1xbrb.jpg""]",[],,225.12,,"[""luxury"", ""tropical""]","[""relaxed""]","[""dark""]","[""aluminium"", ""rope""]","[""restaurant-terrace"", ""cafe-frontage"", ""high-volume-brasserie"", ""event-dining"", ""hotel-garden""]","[""chr-heavy-use"", ""indoor-outdoor"", ""lightweight"", ""stackable"", ""uv-resistant"", ""weather-resistant""]","{""arm_type"": ""with-arms"", ""seat_type"": ""rope-woven"", ""stack_max"": 6, ""silhouette"": ""lounge"", ""back_height"": ""mid"", ""comfort_tier"": ""premium-comfort"", ""cushion_type"": ""waterproof"", ""frame_material"": ""alu-powder""}",brown,,[],[],61,58,78,47,,,,,,false,,true,true,true,true,true,false,true,false,false,false,false,aluminium,rope,Portugal,2 ans,,in_stock,36,15,available,0.5,0.5,0.78,true,,published,2dfa6955-a3d9-4185-adc2-f66922eeeaf7,,,,,,,,,,,,,"[""https://gwgcfgeouropcighpztj.supabase.co/storage/v1/object/public/product-images/products/206895dc-5c42-41a2-9f92-a1ccfccdd2f9/env-1774980968418-eg9m2s.jpg""]",[],false,,,false,false,,false,,Unknown,,,false,,false,false,false,false,,[],,false,,,unknown,false,false,,,,,,2dfa6955-a3d9-4185-adc2-f66922eeeaf7
49beb05c-9a2f-4c24-9081-9a0a6d7d7446,2026-03-31T19:54:31.661882+00:00,2026-05-01T12:44:27.41972+00:00,MANAUS 004-G,armchairs,Dining Chair,MANAUS 004-G — 4 Leg & aluminium chair,"Avec son dossier incurvé et ses lignes fluides, ce fauteuil offre une assise enveloppante pensée pour le confort. Son revêtement texturé et ses teintes sobres apportent une touche élégante et moderne à vos espaces.

Sa structure robuste associée à une assise généreusement rembourrée en fait une solution idéale pour un usage professionnel, notamment dans les environnements où le confort est essentiel. Il permet de créer des ambiances chaleureuses tout en conservant une esthétique raffinée.",,,,,,1,https://gwgcfgeouropcighpztj.supabase.co/storage/v1/object/public/product-images/products/206895dc-5c42-41a2-9f92-a1ccfccdd2f9/gallery-1774981133526-9ljo70.jpg,"[""https://gwgcfgeouropcighpztj.supabase.co/storage/v1/object/public/product-images/products/206895dc-5c42-41a2-9f92-a1ccfccdd2f9/gallery-1774981133526-9ljo70.jpg""]",[],,209.52,,"[""luxury"", ""tropical""]","[""relaxed""]","[""dark""]","[""aluminium"", ""fabric""]","[""restaurant-terrace"", ""cafe-frontage"", ""high-volume-brasserie"", ""event-dining"", ""hotel-garden""]","[""chr-heavy-use"", ""indoor-outdoor"", ""lightweight"", ""stackable"", ""uv-resistant"", ""weather-resistant""]","{""arm_type"": ""with-arms"", ""seat_type"": ""cushion"", ""stack_max"": 6, ""silhouette"": ""lounge"", ""comfort_tier"": ""premium-comfort"", ""cushion_type"": ""waterproof"", ""frame_material"": ""alu-powder""}",anthracite,,[],[],61,58,78,47,3.9,,,,,false,,true,true,true,true,true,false,true,false,false,false,false,aluminium,cushion,Portugal,2 ans,,in_stock,28,15,available,0.5,0.5,0.81,true,,published,2dfa6955-a3d9-4185-adc2-f66922eeeaf7,,,,,,,,,,,,,"[""https://gwgcfgeouropcighpztj.supabase.co/storage/v1/object/public/product-images/products/206895dc-5c42-41a2-9f92-a1ccfccdd2f9/env-1774981133840-8qqrjg.jpg""]",[],false,,,false,false,,false,,Unknown,,,false,,false,false,false,false,,[],,false,,,unknown,false,false,,,,,,2dfa6955-a3d9-4185-adc2-f66922eeeaf7
0e769b9c-6a88-4f3f-9c5e-f92b2bba53c0,2026-03-31T19:54:32.199884+00:00,2026-05-01T12:44:27.41972+00:00,MANAUS 001-B,chairs,Dining Chair,MANAUS 001-B — 4 Leg & aluminium chair,"Avec son assise et son dossier entièrement rembourrés, cette chaise offre un excellent confort tout en conservant une silhouette légère et élégante. Son revêtement texturé aux tons naturels apporte chaleur et raffinement à vos espaces.

Sa structure effet bois renforce son aspect authentique et permet une intégration facile dans des ambiances contemporaines ou plus traditionnelles. Conçue pour un usage professionnel, elle est idéale pour un confort durable au quotidien.",,,,,,1,https://gwgcfgeouropcighpztj.supabase.co/storage/v1/object/public/product-images/products/206895dc-5c42-41a2-9f92-a1ccfccdd2f9/gallery-1774980658369-8i8qau.jpg,"[""https://gwgcfgeouropcighpztj.supabase.co/storage/v1/object/public/product-images/products/206895dc-5c42-41a2-9f92-a1ccfccdd2f9/gallery-1774980658369-8i8qau.jpg""]",[],,163.29,,"[""luxury"", ""tropical""]","[""relaxed""]","[""dark""]","[""aluminium"", ""fabric""]","[""restaurant-terrace"", ""cafe-frontage"", ""high-volume-brasserie"", ""event-dining"", ""hotel-garden""]","[""chr-heavy-use"", ""indoor-outdoor"", ""lightweight"", ""stackable"", ""uv-resistant"", ""weather-resistant""]","{""arm_type"": ""no-arms"", ""seat_type"": ""cushion"", ""stack_max"": 6, ""silhouette"": ""lounge"", ""back_height"": ""mid"", ""comfort_tier"": ""comfortable"", ""cushion_type"": ""waterproof"", ""frame_material"": ""alu-powder""}",brown,,[],[],54,45,78,47,3.2,,,,,false,,true,true,true,true,true,false,true,false,false,false,false,aluminium,cushion,Portugal,2 ans,,in_stock,72,15,available,0.5,0.5,0.84,true,,published,2dfa6955-a3d9-4185-adc2-f66922eeeaf7,,,,,,,,,,,,,"[""https://gwgcfgeouropcighpztj.supabase.co/storage/v1/object/public/product-images/products/206895dc-5c42-41a2-9f92-a1ccfccdd2f9/env-1774980659083-tr4qm5.jpg""]",[],false,,,false,false,,false,,Unknown,,,false,,false,false,false,false,,[],,false,,,unknown,false,false,,,,,,2dfa6955-a3d9-4185-adc2-f66922eeeaf7
f1c2dedc-2b77-46de-b2ba-960e045f80e1,2026-03-31T19:54:32.754106+00:00,2026-05-01T12:44:27.41972+00:00,MANAUS 001-G,chairs,Dining Chair,MANAUS 001-G — 4 Leg & aluminium chair,"Avec son dossier incurvé et ses lignes fluides, ce fauteuil offre une assise enveloppante pensée pour le confort. Son revêtement texturé et ses teintes sobres apportent une touche élégante et moderne à vos espaces.

Sa structure robuste associée à une assise généreusement rembourrée en fait une solution idéale pour un usage professionnel, notamment dans les environnements où le confort est essentiel. Il permet de créer des ambiances chaleureuses tout en conservant une esthétique raffinée.",,,,,,1,https://gwgcfgeouropcighpztj.supabase.co/storage/v1/object/public/product-images/products/206895dc-5c42-41a2-9f92-a1ccfccdd2f9/gallery-1774981036210-61zrb7.jpg,"[""https://gwgcfgeouropcighpztj.supabase.co/storage/v1/object/public/product-images/products/206895dc-5c42-41a2-9f92-a1ccfccdd2f9/gallery-1774981036210-61zrb7.jpg""]",[],,198.93,,"[""luxury"", ""tropical""]","[""relaxed""]","[""dark""]","[""aluminium"", ""fabric""]","[""restaurant-terrace"", ""cafe-frontage"", ""high-volume-brasserie"", ""event-dining"", ""hotel-garden""]","[""chr-heavy-use"", ""indoor-outdoor"", ""lightweight"", ""stackable"", ""uv-resistant"", ""weather-resistant""]","{""arm_type"": ""no-arms"", ""seat_type"": ""cushion"", ""stack_max"": 6, ""silhouette"": ""lounge"", ""comfort_tier"": ""premium-comfort"", ""cushion_type"": ""waterproof"", ""frame_material"": ""alu-powder""}",anthracite,,[],[],61,58,78,47,3.9,,,,,false,,true,true,true,true,true,false,true,false,false,false,false,aluminium,cushion,Portugal,2 ans,,in_stock,49,15,available,0.5,0.5,0.84,true,,published,2dfa6955-a3d9-4185-adc2-f66922eeeaf7,,,,,,,,,,,,,"[""https://gwgcfgeouropcighpztj.supabase.co/storage/v1/object/public/product-images/products/206895dc-5c42-41a2-9f92-a1ccfccdd2f9/env-1774980841754-r7vdha.jpg""]",[],false,,,false,false,,false,,Unknown,,,false,,false,false,false,false,,[],,false,,,unknown,false,false,,,,,,2dfa6955-a3d9-4185-adc2-f66922eeeaf7
77415480-7358-444a-ad85-edd55a510ffc,2026-03-31T19:54:33.232299+00:00,2026-05-01T12:44:27.41972+00:00,JACARTA 004-CP,chairs,Dining Chair,JACARTA 004-CP — 4 Leg & aluminium chair,"Avec son tressage épais et structuré, ce fauteuil affirme un style résolument moderne et haut de gamme. Son design enveloppant associé à un coussin d’assise apporte un confort optimal, idéal pour prolonger l’expérience client.

Sa structure robuste et ses matériaux résistants en font une solution parfaitement adaptée à un usage professionnel en extérieur comme en intérieur. Il permet de créer des espaces élégants, cohérents et confortables.",,,,,,1,https://gwgcfgeouropcighpztj.supabase.co/storage/v1/object/public/product-images/products/206895dc-5c42-41a2-9f92-a1ccfccdd2f9/gallery-1774980311728-tougqj.jpg,"[""https://gwgcfgeouropcighpztj.supabase.co/storage/v1/object/public/product-images/products/206895dc-5c42-41a2-9f92-a1ccfccdd2f9/gallery-1774980311728-tougqj.jpg""]",[],,174.67,,"[""luxury"", ""tropical""]","[""relaxed""]","[""dark""]","[""aluminium"", ""rope""]","[""restaurant-terrace"", ""cafe-frontage"", ""high-volume-brasserie"", ""event-dining"", ""hotel-garden""]","[""chr-heavy-use"", ""indoor-outdoor"", ""lightweight"", ""stackable"", ""uv-resistant"", ""weather-resistant""]","{""seat_type"": ""rope-woven"", ""frame_material"": ""alu-powder""}",brown,,[],[],61,57,78,47,5.3,,,,,false,,true,true,true,true,true,false,true,false,false,false,false,aluminium,rope,Portugal,2 ans,,in_stock,44,15,available,0.5,0.5,0.76,true,,published,2dfa6955-a3d9-4185-adc2-f66922eeeaf7,,,,,,,,,,,,,[],[],false,,,false,false,,false,,Unknown,,,false,,false,false,false,false,,[],,false,,,unknown,false,false,,,,,,2dfa6955-a3d9-4185-adc2-f66922eeeaf7
039b8708-6594-4ae4-b13d-446278fa07d1,2026-03-31T19:54:33.734738+00:00,2026-05-01T12:44:27.41972+00:00,JACARTA 004-DG,armchairs,Dining Chair,JACARTA 004-DG — 4 Leg & aluminium chair,"Avec son tressage épais et structuré, ce fauteuil affirme un style résolument moderne et haut de gamme. Son design enveloppant associé à un coussin d’assise apporte un confort optimal, idéal pour prolonger l’expérience client.

Sa structure robuste et ses matériaux résistants en font une solution parfaitement adaptée à un usage professionnel en extérieur comme en intérieur. Il permet de créer des espaces élégants, cohérents et confortables.",,,,,,1,https://gwgcfgeouropcighpztj.supabase.co/storage/v1/object/public/product-images/products/206895dc-5c42-41a2-9f92-a1ccfccdd2f9/gallery-1774980203763-fiv96h.jpg,"[""https://gwgcfgeouropcighpztj.supabase.co/storage/v1/object/public/product-images/products/206895dc-5c42-41a2-9f92-a1ccfccdd2f9/gallery-1774980203763-fiv96h.jpg""]",[],,183.4,,"[""luxury"", ""tropical""]","[""relaxed""]","[""bicolor"", ""cool""]","[""aluminium"", ""rope""]","[""restaurant-terrace"", ""cafe-frontage"", ""high-volume-brasserie"", ""event-dining"", ""hotel-garden""]","[""chr-heavy-use"", ""indoor-outdoor"", ""lightweight"", ""stackable"", ""uv-resistant"", ""weather-resistant""]","{""arm_type"": ""with-arms"", ""seat_type"": ""rope-woven"", ""stack_max"": 8, ""silhouette"": ""lounge"", ""back_height"": ""mid"", ""comfort_tier"": ""comfortable"", ""cushion_type"": ""removable"", ""frame_material"": ""alu-powder""}",grey,natural,[],[],61,57,78,47,5.3,,,,,false,,true,true,true,true,true,false,true,false,false,false,false,aluminium,rope,Portugal,2 ans,,in_stock,53,15,available,0.5,0.5,0.81,true,,published,2dfa6955-a3d9-4185-adc2-f66922eeeaf7,,,,,,,,,,,,,"[""https://gwgcfgeouropcighpztj.supabase.co/storage/v1/object/public/product-images/products/206895dc-5c42-41a2-9f92-a1ccfccdd2f9/env-1774980204212-div3jj.jpg""]",[],false,,,false,false,,false,,Unknown,,,false,,false,false,false,false,,[],,false,,,unknown,false,false,,,,,,2dfa6955-a3d9-4185-adc2-f66922eeeaf7
f8b5e1d5-f427-4e78-9e20-378f9939abc0,2026-03-31T19:54:34.202588+00:00,2026-05-01T12:44:27.41972+00:00,FORMENTERA 004,chairs,Dining Chair,FORMENTERA 004 — Stacking & textilene chair,"Dans la continuité des terrasses emblématiques, ce fauteuil reprend les codes du bistrot avec une approche plus raffinée. Son dossier arrondi, sa structure effet bois et son tressage aux tons profonds apportent une touche chic et intemporelle.

Doté d’accoudoirs pour un confort supérieur, il invite à prolonger l’expérience client tout en conservant une silhouette légère et élégante. Conçu pour un usage professionnel, il résiste parfaitement aux conditions extérieures.",,,,,,1,https://gwgcfgeouropcighpztj.supabase.co/storage/v1/object/public/product-images/products/206895dc-5c42-41a2-9f92-a1ccfccdd2f9/gallery-1774979994733-v9p7hp.jpg,"[""https://gwgcfgeouropcighpztj.supabase.co/storage/v1/object/public/product-images/products/206895dc-5c42-41a2-9f92-a1ccfccdd2f9/gallery-1774979994733-v9p7hp.jpg"", ""https://gwgcfgeouropcighpztj.supabase.co/storage/v1/object/public/product-images/products/206895dc-5c42-41a2-9f92-a1ccfccdd2f9/gallery-1774979995317-roen28.jpg"", ""https://gwgcfgeouropcighpztj.supabase.co/storage/v1/object/public/product-images/products/206895dc-5c42-41a2-9f92-a1ccfccdd2f9/gallery-1774979995624-fbs8fr.jpg"", ""https://gwgcfgeouropcighpztj.supabase.co/storage/v1/object/public/product-images/products/206895dc-5c42-41a2-9f92-a1ccfccdd2f9/gallery-1774979995829-t3wodh.jpg""]",[],,97,,"[""bistro"", ""mediterranean""]","[""relaxed""]","[""dark""]","[""aluminium"", ""textilene""]","[""restaurant-terrace"", ""cafe-frontage"", ""high-volume-brasserie"", ""poolside"", ""hotel-garden""]","[""chr-heavy-use"", ""easy-maintenance"", ""indoor-outdoor"", ""stackable"", ""uv-resistant"", ""weather-resistant""]","{""seat_type"": ""mesh"", ""frame_material"": ""alu-powder""}",black,,[],[],60,55,89,45,3.7,,,,,false,,true,true,true,true,true,false,false,true,false,false,false,aluminium,mesh,Portugal,2 ans,,in_stock,80,15,available,0.5,0.5,0.89,true,,published,2dfa6955-a3d9-4185-adc2-f66922eeeaf7,,,,,,,,,,,,,"[""https://gwgcfgeouropcighpztj.supabase.co/storage/v1/object/public/product-images/products/206895dc-5c42-41a2-9f92-a1ccfccdd2f9/env-1774979996042-g684gr.jpg""]",[],false,,,false,false,,false,,Unknown,,,false,,false,false,false,false,,[],,false,,,unknown,false,false,,,,,,2dfa6955-a3d9-4185-adc2-f66922eeeaf7
fa7ba5e4-f392-486f-a92c-f0ed64f89ca1,2026-03-31T19:54:34.752269+00:00,2026-05-01T12:44:27.41972+00:00,FORMENTERA 001,chairs,Dining Chair,FORMENTERA 001 — Stacking & textilene chair,"Avec son dossier arrondi et sa structure effet bois, cette chaise s’inscrit dans la tradition des terrasses emblématiques tout en apportant une touche plus raffinée. Son tressage discret aux tons profonds lui confère une allure élégante et contemporaine.

Conçue pour un usage professionnel, elle allie confort, légèreté et résistance aux conditions extérieures. Facile à associer, elle permet de créer des terrasses harmonieuses avec une identité sobre et chic.",,,,,,1,https://gwgcfgeouropcighpztj.supabase.co/storage/v1/object/public/product-images/products/206895dc-5c42-41a2-9f92-a1ccfccdd2f9/gallery-1774979834330-oviqkr.jpg,"[""https://gwgcfgeouropcighpztj.supabase.co/storage/v1/object/public/product-images/products/206895dc-5c42-41a2-9f92-a1ccfccdd2f9/gallery-1774979834330-oviqkr.jpg"", ""https://gwgcfgeouropcighpztj.supabase.co/storage/v1/object/public/product-images/products/206895dc-5c42-41a2-9f92-a1ccfccdd2f9/gallery-1774979835061-kupa53.jpg"", ""https://gwgcfgeouropcighpztj.supabase.co/storage/v1/object/public/product-images/products/206895dc-5c42-41a2-9f92-a1ccfccdd2f9/gallery-1774979838647-ljnmr9.jpg"", ""https://gwgcfgeouropcighpztj.supabase.co/storage/v1/object/public/product-images/products/206895dc-5c42-41a2-9f92-a1ccfccdd2f9/gallery-1774979838845-em3ti1.jpg""]",[],,82.59,,"[""bistro"", ""mediterranean""]","[""relaxed""]","[""dark""]","[""aluminium"", ""textilene""]","[""restaurant-terrace"", ""cafe-frontage"", ""high-volume-brasserie"", ""poolside"", ""hotel-garden""]","[""chr-heavy-use"", ""easy-maintenance"", ""indoor-outdoor"", ""lightweight"", ""stackable"", ""uv-resistant"", ""weather-resistant""]","{""seat_type"": ""mesh"", ""frame_material"": ""alu-powder""}",black,,[],[],59,44,88,45,3.2,,,,,false,,true,true,true,true,true,false,true,true,false,false,false,aluminium,mesh,Portugal,2 ans,,in_stock,110,15,available,0.5,0.5,0.89,true,,published,2dfa6955-a3d9-4185-adc2-f66922eeeaf7,,,,,,,,,,,,,"[""https://gwgcfgeouropcighpztj.supabase.co/storage/v1/object/public/product-images/products/206895dc-5c42-41a2-9f92-a1ccfccdd2f9/env-1774979839110-5j271h.jpg""]",[],false,,,false,false,,false,,Unknown,,,false,,false,false,false,false,,[],,false,,,unknown,false,false,,,,,,2dfa6955-a3d9-4185-adc2-f66922eeeaf7
7a5a1f54-5991-4bc5-a23f-35fade7c9847,2026-04-01T07:36:35.56483+00:00,2026-05-01T12:44:27.41972+00:00,REV 001,bar-stools,Bar Stool,REV 001 — 4 Leg & polypropylene chair,"Avec sa silhouette sculpturale et son design audacieux, ce tabouret se distingue immédiatement. Sa forme centrale élargie associée à une assise pivotante apporte à la fois originalité et praticité dans l’usage quotidien.

Conçu pour un environnement professionnel, il offre stabilité, résistance et facilité d’entretien. Idéal pour dynamiser un espace tout en conservant une approche fonctionnelle.",,,,,,1,https://gwgcfgeouropcighpztj.supabase.co/storage/v1/object/public/product-images/products/206895dc-5c42-41a2-9f92-a1ccfccdd2f9/gallery-1775028952717-4wvc17.jpg,"[""https://gwgcfgeouropcighpztj.supabase.co/storage/v1/object/public/product-images/products/206895dc-5c42-41a2-9f92-a1ccfccdd2f9/gallery-1775028952717-4wvc17.jpg""]",[],,305.64,,"[""modern""]","[""convivial""]","[""dark""]","[""polypropylene""]","[""restaurant-terrace"", ""cafe-frontage"", ""high-volume-brasserie"", ""terrace-bar"", ""event-dining""]","[""chr-heavy-use"", ""easy-maintenance"", ""indoor-outdoor"", ""uv-resistant"", ""weather-resistant""]","{""arm_type"": ""no-arms"", ""seat_type"": ""pp-shell"", ""back_height"": ""no-back"", ""comfort_tier"": ""comfortable"", ""cushion_type"": ""none"", ""frame_material"": ""pp-standard""}",black,,[],[],46,46,75,75,7.1,,,,,false,,true,false,true,true,true,false,false,true,false,false,false,polypropylene,pp-shell,Portugal,2 ans,,in_stock,26,15,available,0.5,0.5,0.71,true,,published,2dfa6955-a3d9-4185-adc2-f66922eeeaf7,,,,,,,,,,,,,[],[],false,,,false,false,,false,,Unknown,,,false,,false,false,false,false,,[],,false,,,unknown,false,false,,,,,,2dfa6955-a3d9-4185-adc2-f66922eeeaf7
db9c6f86-6ad3-4a7e-9e32-8eadd5dba6fa,2026-04-01T07:36:36.341588+00:00,2026-05-01T12:44:27.41972+00:00,CARACAS 021,bar-stools,Bar Stool,CARACAS 021 — 4 Leg & synthetic rattan chair,"Avec sa structure effet bois et son assise tressée, ce tabouret reprend les codes du mobilier bistrot traditionnel dans un format compact et fonctionnel. Son design simple et efficace apporte une touche authentique à vos espaces.

Léger et facile à déplacer, il est parfaitement adapté à un usage professionnel, en intérieur comme en extérieur. Idéal en assise d’appoint ou pour optimiser l’espace sur des terrasses à forte rotation.",,,,,,1,https://gwgcfgeouropcighpztj.supabase.co/storage/v1/object/public/product-images/products/206895dc-5c42-41a2-9f92-a1ccfccdd2f9/gallery-1775028692856-842v5b.jpg,"[""https://gwgcfgeouropcighpztj.supabase.co/storage/v1/object/public/product-images/products/206895dc-5c42-41a2-9f92-a1ccfccdd2f9/gallery-1775028692856-842v5b.jpg""]",[],,132.62,,"[""modern""]","[""convivial""]","[""bicolor"", ""dark""]","[""aluminium"", ""synthetic-rattan""]","[""restaurant-terrace"", ""cafe-frontage"", ""high-volume-brasserie"", ""terrace-bar"", ""event-dining""]","[""chr-heavy-use"", ""easy-maintenance"", ""indoor-outdoor"", ""lightweight"", ""uv-resistant"", ""weather-resistant""]","{""arm_type"": ""no-arms"", ""seat_type"": ""rattan-woven"", ""stack_max"": 6, ""silhouette"": ""bistrot"", ""back_height"": ""no-back"", ""comfort_tier"": ""comfortable"", ""cushion_type"": ""none"", ""frame_material"": ""alu-powder""}",black,natural,[],[],37,37,75,75,2.7,,,,,false,,true,false,true,true,true,false,true,true,false,false,false,aluminium,rattan-woven,Portugal,2 ans,,in_stock,54,15,available,0.5,0.5,0.76,true,,published,2dfa6955-a3d9-4185-adc2-f66922eeeaf7,,,,,,,,,,,,,"[""https://gwgcfgeouropcighpztj.supabase.co/storage/v1/object/public/product-images/products/206895dc-5c42-41a2-9f92-a1ccfccdd2f9/env-1775028693247-t3od7f.jpg""]",[],false,,,false,false,,false,,Unknown,,,false,,false,false,false,false,,[],,false,,,unknown,false,false,,,,,,2dfa6955-a3d9-4185-adc2-f66922eeeaf7
069d4cc6-8317-476c-92bf-cf6ed137d7ca,2026-04-01T07:36:45.908276+00:00,2026-05-01T12:44:27.41972+00:00,CARACAS 011,bar-stools,Bar Stool,CARACAS 011 — 4 Leg & synthetic rattan chair,"Avec sa structure effet bois et son assise tressée, ce tabouret reprend les codes du mobilier bistrot traditionnel dans un format compact et fonctionnel. Son design simple et efficace apporte une touche authentique à vos espaces.

Léger et facile à déplacer, il est parfaitement adapté à un usage professionnel, en intérieur comme en extérieur. Idéal en assise d’appoint ou pour optimiser l’espace sur des terrasses à forte rotation.",,,,,,1,https://gwgcfgeouropcighpztj.supabase.co/storage/v1/object/public/product-images/products/206895dc-5c42-41a2-9f92-a1ccfccdd2f9/gallery-1775028556125-cr5daq.jpg,"[""https://gwgcfgeouropcighpztj.supabase.co/storage/v1/object/public/product-images/products/206895dc-5c42-41a2-9f92-a1ccfccdd2f9/gallery-1775028556125-cr5daq.jpg""]",[],,101.52,,"[""modern""]","[""convivial""]","[""bicolor"", ""dark""]","[""aluminium"", ""synthetic-rattan""]","[""restaurant-terrace"", ""cafe-frontage"", ""high-volume-brasserie"", ""terrace-bar"", ""event-dining""]","[""chr-heavy-use"", ""easy-maintenance"", ""indoor-outdoor"", ""uv-resistant"", ""weather-resistant""]","{""arm_type"": ""no-arms"", ""seat_type"": ""rattan-woven"", ""stack_max"": 6, ""silhouette"": ""bistrot"", ""back_height"": ""no-back"", ""comfort_tier"": ""comfortable"", ""cushion_type"": ""none"", ""frame_material"": ""alu-powder""}",black,natural,[],[],35,35,47,47,2,,,,,false,,true,false,true,true,true,false,false,true,false,false,false,aluminium,synthetic-rattan,Portugal,2 ans,,in_stock,75,15,available,0.5,0.5,0.73,true,,published,2dfa6955-a3d9-4185-adc2-f66922eeeaf7,,,,,,,,,,,,,[],[],false,,,false,false,,false,,Unknown,,,false,,false,false,false,false,,[],,false,,,unknown,false,false,,,,,,2dfa6955-a3d9-4185-adc2-f66922eeeaf7
30dd5434-d860-4a73-a290-b72e9ebfc235,2026-04-01T07:36:46.453405+00:00,2026-05-01T12:44:27.41972+00:00,PORTUGAL 001,chairs,Dining Chair,PORTUGAL 001 — Shell & polypropylene chair,"Avec ses lignes douces et son design minimaliste, ce fauteuil monobloc s’intègre facilement dans tous types d’environnements. Son dossier enveloppant et ses accoudoirs intégrés offrent un confort naturel tout en conservant une silhouette légère.

Conçu pour un usage professionnel, il est robuste, facile d’entretien et parfaitement adapté à une utilisation en intérieur comme en extérieur. Sa simplicité en fait une solution efficace pour des aménagements modernes et fonctionnels.",,,,,,1,https://gwgcfgeouropcighpztj.supabase.co/storage/v1/object/public/product-images/products/206895dc-5c42-41a2-9f92-a1ccfccdd2f9/gallery-1775027953071-hu2hq4.jpg,"[""https://gwgcfgeouropcighpztj.supabase.co/storage/v1/object/public/product-images/products/206895dc-5c42-41a2-9f92-a1ccfccdd2f9/gallery-1775027953071-hu2hq4.jpg""]",[],,69,,"[""mediterranean""]","[""convivial""]","[""dark""]","[""polypropylene""]","[""restaurant-terrace"", ""cafe-frontage"", ""high-volume-brasserie"", ""event-dining"", ""food-court""]","[""chr-heavy-use"", ""easy-maintenance"", ""indoor-outdoor"", ""lightweight"", ""stackable"", ""uv-resistant"", ""weather-resistant""]","{""seat_type"": ""pp-shell"", ""frame_material"": ""pp-standard""}",brown,,[],[],61,58,79,46,4.29,,,,,false,,true,true,true,true,true,false,true,true,false,false,false,polypropylene,pp-shell,Portugal,2 ans,,in_stock,63,15,available,0.5,0.5,0.76,true,,published,2dfa6955-a3d9-4185-adc2-f66922eeeaf7,,,,,,,,,,,,,"[""https://gwgcfgeouropcighpztj.supabase.co/storage/v1/object/public/product-images/products/206895dc-5c42-41a2-9f92-a1ccfccdd2f9/env-1775027953507-105227.jpg""]",[],false,,,false,false,,false,,Unknown,,,false,,false,false,false,false,,[],,false,,,unknown,false,false,,,,,,2dfa6955-a3d9-4185-adc2-f66922eeeaf7
5c58a6d2-0e45-4b95-8f01-204385ca36c4,2026-04-01T07:36:46.931311+00:00,2026-05-01T12:44:27.41972+00:00,PICK-C 001,chairs,Dining Chair,PICK-C 001 — Shell & polypropylene chair,"vec ses lignes fluides et sculpturales, ce fauteuil monobloc apporte une touche résolument contemporaine à vos espaces. Son design enveloppant crée une assise confortable tout en affirmant une identité forte et minimaliste.

Conçu en une seule pièce, il offre une excellente résistance et une grande facilité d’entretien, parfaitement adaptées à un usage professionnel intensif, en intérieur comme en extérieur. Idéal pour créer des espaces modernes et différenciants.",,,,,,1,https://gwgcfgeouropcighpztj.supabase.co/storage/v1/object/public/product-images/products/206895dc-5c42-41a2-9f92-a1ccfccdd2f9/gallery-1775027354422-uws6op.jpg,"[""https://gwgcfgeouropcighpztj.supabase.co/storage/v1/object/public/product-images/products/206895dc-5c42-41a2-9f92-a1ccfccdd2f9/gallery-1775027354422-uws6op.jpg""]",[],,192,,"[""industrial"", ""luxury""]","[""convivial""]","[""monochrome""]","[""polypropylene""]","[""restaurant-terrace"", ""cafe-frontage"", ""high-volume-brasserie"", ""event-dining"", ""food-court""]","[""chr-heavy-use"", ""easy-maintenance"", ""indoor-outdoor"", ""uv-resistant"", ""weather-resistant""]","{""seat_type"": ""pp-shell"", ""frame_material"": ""pp-standard""}",white,,[],[],58,66,85,43,8.1,,,,,false,,true,false,true,true,true,false,false,true,false,false,false,polypropylene,pp-shell,Portugal,2 ans,,in_stock,28,15,available,0.5,0.5,0.79,true,,published,2dfa6955-a3d9-4185-adc2-f66922eeeaf7,,,,,,,,,,,,,"[""https://gwgcfgeouropcighpztj.supabase.co/storage/v1/object/public/product-images/products/206895dc-5c42-41a2-9f92-a1ccfccdd2f9/env-1775027354861-fjow4t.jpg""]",[],false,,,false,false,,false,,Unknown,,,false,,false,false,false,false,,[],,false,,,unknown,false,false,,,,,,2dfa6955-a3d9-4185-adc2-f66922eeeaf7
67c682ed-d65d-41a6-b6e6-15baa93c46fb,2026-04-01T07:36:47.473248+00:00,2026-05-01T12:44:27.41972+00:00,NASTRO 026,chairs,Dining Chair,NASTRO 026 — Shell & polypropylene chair,"Avec ses lignes fluides et son assise sculpturale, ce tabouret de bar apporte une touche résolument contemporaine à vos espaces. Son design épuré, associé à une base en métal chromé, crée un contraste élégant et moderne.

Équipé d’un repose-pieds intégré et d’une structure stable, il est conçu pour un usage professionnel intensif tout en offrant un bon confort d’assise. Idéal pour aménager des bars, comptoirs ou espaces lounge avec style.",,,,,,1,https://gwgcfgeouropcighpztj.supabase.co/storage/v1/object/public/product-images/products/206895dc-5c42-41a2-9f92-a1ccfccdd2f9/gallery-1775028308692-1xqift.jpg,"[""https://gwgcfgeouropcighpztj.supabase.co/storage/v1/object/public/product-images/products/206895dc-5c42-41a2-9f92-a1ccfccdd2f9/gallery-1775028308692-1xqift.jpg""]",[],,211,,"[""luxury"", ""modern""]","[""relaxed""]","[""cool""]","[""polypropylene""]","[""restaurant-terrace"", ""cafe-frontage"", ""high-volume-brasserie"", ""event-dining"", ""food-court""]","[""chr-heavy-use"", ""easy-maintenance"", ""indoor-outdoor"", ""uv-resistant"", ""weather-resistant""]","{""seat_type"": ""pp-shell"", ""frame_material"": ""pp-standard""}",green,,[],[],46,42,95,75,13.4,,,,,false,,true,false,true,true,true,false,false,true,false,false,false,polypropylene,pp-shell,Portugal,2 ans,,in_stock,29,15,available,0.5,0.5,0.81,true,,published,2dfa6955-a3d9-4185-adc2-f66922eeeaf7,,,,,,,,,,,,,"[""https://gwgcfgeouropcighpztj.supabase.co/storage/v1/object/public/product-images/products/206895dc-5c42-41a2-9f92-a1ccfccdd2f9/env-1775028309245-6c33rz.jpg"", ""https://gwgcfgeouropcighpztj.supabase.co/storage/v1/object/public/product-images/products/206895dc-5c42-41a2-9f92-a1ccfccdd2f9/env-1775028309475-66t8ar.jpg""]",[],false,,,false,false,,false,,Unknown,,,false,,false,false,false,false,,[],,false,,,unknown,false,false,,,,,,2dfa6955-a3d9-4185-adc2-f66922eeeaf7
1e22f961-ac61-473f-8c98-5508523aff9b,2026-04-01T07:36:47.985508+00:00,2026-05-01T12:44:27.41972+00:00,MEMO 005,chairs,Dining Chair,MEMO 005 — Shell & polypropylene chair,"Avec son design épuré et ses lignes douces, ce fauteuil monobloc s’intègre facilement dans tous types d’environnements. Sa silhouette légère et moderne en fait une solution pratique et esthétique pour les espaces professionnels.

Doté d’accoudoirs et d’un dossier ergonomique, il offre un bon confort d’assise tout en restant robuste et facile d’entretien. Conçu pour un usage intensif, il est parfaitement adapté à une utilisation en intérieur comme en extérieur.",,,,,,1,https://gwgcfgeouropcighpztj.supabase.co/storage/v1/object/public/product-images/products/206895dc-5c42-41a2-9f92-a1ccfccdd2f9/gallery-1775027558404-uve17e.jpg,"[""https://gwgcfgeouropcighpztj.supabase.co/storage/v1/object/public/product-images/products/206895dc-5c42-41a2-9f92-a1ccfccdd2f9/gallery-1775027558404-uve17e.jpg"", ""https://gwgcfgeouropcighpztj.supabase.co/storage/v1/object/public/product-images/products/206895dc-5c42-41a2-9f92-a1ccfccdd2f9/gallery-1775027558937-rgr15a.jpg""]",[],,73,,"[""modern""]","[""relaxed""]","[""dark""]","[""polypropylene""]","[""restaurant-terrace"", ""cafe-frontage"", ""high-volume-brasserie"", ""event-dining"", ""food-court""]","[""chr-heavy-use"", ""indoor-outdoor"", ""lightweight"", ""stackable"", ""uv-resistant"", ""weather-resistant""]","{""seat_type"": ""pp-shell"", ""frame_material"": ""pp-standard""}",brown,,[],[],56,57,82,46,4.1,,,,,false,,true,true,true,true,true,false,true,false,false,false,false,polypropylene,pp-shell,Portugal,2 ans,,in_stock,83,15,available,0.5,0.5,0.73,true,,published,2dfa6955-a3d9-4185-adc2-f66922eeeaf7,,,,,,,,,,,,,[],[],false,,,false,false,,false,,Unknown,,,false,,false,false,false,false,,[],,false,,,unknown,false,false,,,,,,2dfa6955-a3d9-4185-adc2-f66922eeeaf7
d03b0b3a-08c4-4ef0-bbb3-23c57babdfe6,2026-04-01T07:36:48.500914+00:00,2026-05-01T12:44:27.41972+00:00,MEMO 004,chairs,Dining Chair,MEMO 004 — Shell & polypropylene chair,"Avec son design épuré et ses lignes douces, ce fauteuil monobloc s’intègre facilement dans tous types d’environnements. Sa silhouette légère et moderne en fait une solution pratique et esthétique pour les espaces professionnels.

Doté d’accoudoirs et d’un dossier ergonomique, il offre un bon confort d’assise tout en restant robuste et facile d’entretien. Conçu pour un usage intensif, il est parfaitement adapté à une utilisation en intérieur comme en extérieur.",,,,,,1,https://gwgcfgeouropcighpztj.supabase.co/storage/v1/object/public/product-images/products/206895dc-5c42-41a2-9f92-a1ccfccdd2f9/gallery-1775027674618-ycxygs.jpg,"[""https://gwgcfgeouropcighpztj.supabase.co/storage/v1/object/public/product-images/products/206895dc-5c42-41a2-9f92-a1ccfccdd2f9/gallery-1775027674618-ycxygs.jpg"", ""https://gwgcfgeouropcighpztj.supabase.co/storage/v1/object/public/product-images/products/206895dc-5c42-41a2-9f92-a1ccfccdd2f9/gallery-1775027675491-e2mo39.jpg""]",[],,73,,"[""modern""]","[""relaxed""]","[""cool""]","[""polypropylene""]","[""restaurant-terrace"", ""cafe-frontage"", ""high-volume-brasserie"", ""event-dining"", ""food-court""]","[""chr-heavy-use"", ""easy-maintenance"", ""indoor-outdoor"", ""lightweight"", ""stackable"", ""uv-resistant"", ""weather-resistant""]","{""seat_type"": ""pp-shell"", ""frame_material"": ""pp-standard""}",green,,[],[],56,57,82,46,4.1,,,,,false,,true,true,true,true,true,false,true,true,false,false,false,polypropylene,pp-shell,Portugal,2 ans,,in_stock,55,15,available,0.5,0.5,0.73,true,,published,2dfa6955-a3d9-4185-adc2-f66922eeeaf7,,,,,,,,,,,,,[],[],false,,,false,false,,false,,Unknown,,,false,,false,false,false,false,,[],,false,,,unknown,false,false,,,,,,2dfa6955-a3d9-4185-adc2-f66922eeeaf7
72a20653-be1f-492d-86c2-73365e5484da,2026-04-01T16:44:28.901524+00:00,2026-05-01T12:44:27.41972+00:00,Tarabya-S,chairs,Dining Chair,Chaise empilable polypropylène pp-shell — Tarabya-S,"Avec son coloris et ses lignes horizontales, cette chaise apporte une touche de fraîcheur et de légèreté à vos espaces. Son design épuré offre un bon confort tout en conservant une esthétique moderne et discrète.

Conçue en polypropylène, elle est résistante, facile d’entretien et parfaitement adaptée à un usage professionnel intensif, en intérieur comme en extérieur. Empilable, elle permet une gestion simple et efficace de l’espace.",,,,,,1,https://gwgcfgeouropcighpztj.supabase.co/storage/v1/object/public/product-images/products/206895dc-5c42-41a2-9f92-a1ccfccdd2f9/gallery-1775061789294-9ytb5x.webp,"[""https://gwgcfgeouropcighpztj.supabase.co/storage/v1/object/public/product-images/products/206895dc-5c42-41a2-9f92-a1ccfccdd2f9/gallery-1775061789294-9ytb5x.webp"", ""https://gwgcfgeouropcighpztj.supabase.co/storage/v1/object/public/product-images/products/206895dc-5c42-41a2-9f92-a1ccfccdd2f9/gallery-1775061789778-5ksy6b.webp"", ""https://gwgcfgeouropcighpztj.supabase.co/storage/v1/object/public/product-images/products/206895dc-5c42-41a2-9f92-a1ccfccdd2f9/gallery-1775061790038-5z58je.webp""]",[],,65,,"[""classic""]","[""warm""]","[""cool""]","[""polypropylene""]","[""restaurant-terrace"", ""cafe-frontage"", ""high-volume-brasserie"", ""hotel-garden"", ""boutique-hotel""]","[""chr-heavy-use"", ""easy-maintenance"", ""indoor-outdoor"", ""lightweight"", ""stackable"", ""uv-resistant"", ""weather-resistant""]","{""seat_type"": ""pp-shell"", ""frame_material"": ""pp-standard""}",blue,,[],[],53,51,79,46,3.75,,,,,false,,true,true,true,true,true,false,true,true,false,false,false,polypropylene,pp-shell,Turkey,2 ans,,in_stock,100,15,available,0.5,0.5,0.81,true,,published,2dfa6955-a3d9-4185-adc2-f66922eeeaf7,,,,,,,,,,,,,"[""https://gwgcfgeouropcighpztj.supabase.co/storage/v1/object/public/product-images/products/206895dc-5c42-41a2-9f92-a1ccfccdd2f9/env-1775061790220-bhddp5.jpg""]",[],false,,,false,false,,false,,Unknown,,,false,,false,false,false,false,,[],,false,,,unknown,false,false,,,,,,2dfa6955-a3d9-4185-adc2-f66922eeeaf7
35ab3bd4-74c3-4a12-a02f-63f0a9d348c0,2026-04-01T16:44:29.635296+00:00,2026-05-01T12:44:27.41972+00:00,Tarabya-K,chairs,Dining Chair,Chaise empilable polypropylène pp-shell — Tarabya-K,"Avec son coloris et ses lignes horizontales, ce fauteuil apporte une touche de fraîcheur et de légèreté à vos espaces. Son design épuré et ses accoudoirs intégrés offrent un bon confort tout en conservant une esthétique moderne.

Conçu en polypropylène, il est résistant, facile d’entretien et parfaitement adapté à un usage professionnel intensif, en intérieur comme en extérieur. Empilable, il permet une gestion simple et efficace de l’espace.",,,,,,1,https://gwgcfgeouropcighpztj.supabase.co/storage/v1/object/public/product-images/products/206895dc-5c42-41a2-9f92-a1ccfccdd2f9/gallery-1775061633418-00zxfv.webp,"[""https://gwgcfgeouropcighpztj.supabase.co/storage/v1/object/public/product-images/products/206895dc-5c42-41a2-9f92-a1ccfccdd2f9/gallery-1775061633418-00zxfv.webp"", ""https://gwgcfgeouropcighpztj.supabase.co/storage/v1/object/public/product-images/products/206895dc-5c42-41a2-9f92-a1ccfccdd2f9/gallery-1775061634389-xp4spe.webp"", ""https://gwgcfgeouropcighpztj.supabase.co/storage/v1/object/public/product-images/products/206895dc-5c42-41a2-9f92-a1ccfccdd2f9/gallery-1775061634567-w6tqgy.webp"", ""https://gwgcfgeouropcighpztj.supabase.co/storage/v1/object/public/product-images/products/206895dc-5c42-41a2-9f92-a1ccfccdd2f9/gallery-1775061634845-gelz0e.webp""]",[],,74,,"[""classic""]","[""warm""]","[""cool""]","[""polypropylene""]","[""restaurant-terrace"", ""cafe-frontage"", ""high-volume-brasserie"", ""hotel-garden"", ""boutique-hotel""]","[""chr-heavy-use"", ""easy-maintenance"", ""indoor-outdoor"", ""lightweight"", ""stackable"", ""uv-resistant"", ""weather-resistant""]","{""seat_type"": ""pp-shell"", ""frame_material"": ""pp-standard""}",grey,,[],[],53,58,79,46,4.45,,,,,false,,true,true,true,true,true,false,true,true,false,false,false,polypropylene,pp-shell,Turkey,2 ans,,in_stock,100,15,available,0.5,0.5,0.81,true,,published,2dfa6955-a3d9-4185-adc2-f66922eeeaf7,,,,,,,,,,,,,"[""https://gwgcfgeouropcighpztj.supabase.co/storage/v1/object/public/product-images/products/206895dc-5c42-41a2-9f92-a1ccfccdd2f9/env-1775061635012-cwotb4.jpg""]",[],false,,,false,false,,false,,Unknown,,,false,,false,false,false,false,,[],,false,,,unknown,false,false,,,,,,2dfa6955-a3d9-4185-adc2-f66922eeeaf7
36914849-60ab-415a-8648-665038742064,2026-04-01T16:44:30.174628+00:00,2026-05-01T12:44:27.41972+00:00,Beykoz-S,chairs,Dining Chair,Chaise empilable polypropylène pp-shell — Beykoz-S,"Avec son coloris profond et ses lignes épurées, cette chaise apporte une touche élégante et naturelle à vos espaces. Son design équilibré offre un bon confort tout en conservant une silhouette légère et moderne.

Conçue en polypropylène, elle est résistante, facile d’entretien et parfaitement adaptée à un usage professionnel intensif, en intérieur comme en extérieur. Empilable, elle permet une gestion optimale de l’espace.",,,,,,1,https://gwgcfgeouropcighpztj.supabase.co/storage/v1/object/public/product-images/products/206895dc-5c42-41a2-9f92-a1ccfccdd2f9/gallery-1775061479655-pj86q7.webp,"[""https://gwgcfgeouropcighpztj.supabase.co/storage/v1/object/public/product-images/products/206895dc-5c42-41a2-9f92-a1ccfccdd2f9/gallery-1775061479655-pj86q7.webp"", ""https://gwgcfgeouropcighpztj.supabase.co/storage/v1/object/public/product-images/products/206895dc-5c42-41a2-9f92-a1ccfccdd2f9/gallery-1775061480278-xfctro.webp""]",[],,69,,"[""classic""]","[""warm""]","[""dark""]","[""polypropylene""]","[""restaurant-terrace"", ""cafe-frontage"", ""high-volume-brasserie"", ""hotel-garden"", ""boutique-hotel""]","[""chr-heavy-use"", ""easy-maintenance"", ""indoor-outdoor"", ""lightweight"", ""stackable"", ""uv-resistant"", ""weather-resistant""]","{""seat_type"": ""pp-shell"", ""frame_material"": ""pp-standard""}",terracotta,,[],[],53,51,79,46,4,,,,,false,,true,true,true,true,true,false,true,true,false,false,false,polypropylene,pp-shell,Turkey,2 ans,,in_stock,100,15,available,0.5,0.5,0.78,true,,published,2dfa6955-a3d9-4185-adc2-f66922eeeaf7,,,,,,,,,,,,,"[""https://gwgcfgeouropcighpztj.supabase.co/storage/v1/object/public/product-images/products/206895dc-5c42-41a2-9f92-a1ccfccdd2f9/env-1775061480485-w68z6i.jpg""]",[],false,,,false,false,,false,,Unknown,,,false,,false,false,false,false,,[],,false,,,unknown,false,false,,,,,,2dfa6955-a3d9-4185-adc2-f66922eeeaf7
bf999a1c-bf62-42be-8fb7-c5fb7ba07b5f,2026-04-01T16:44:30.953669+00:00,2026-05-01T12:44:27.41972+00:00,Beykoz-K,chairs,Dining Chair,Chaise empilable polypropylène pp-shell — Beykoz-K,"Avec son coloris et ses lignes épurées, ce fauteuil apporte une touche élégante et naturelle à vos espaces. Son design équilibré, associé à des accoudoirs intégrés, offre un bon confort tout en conservant une silhouette légère.

Conçu en polypropylène, il est résistant, facile d’entretien et parfaitement adapté à un usage professionnel intensif, en intérieur comme en extérieur. Empilable, il permet une gestion efficace de l’espace.",,,,,,1,https://gwgcfgeouropcighpztj.supabase.co/storage/v1/object/public/product-images/products/206895dc-5c42-41a2-9f92-a1ccfccdd2f9/gallery-1775061337296-6jpe21.webp,"[""https://gwgcfgeouropcighpztj.supabase.co/storage/v1/object/public/product-images/products/206895dc-5c42-41a2-9f92-a1ccfccdd2f9/gallery-1775061337296-6jpe21.webp"", ""https://gwgcfgeouropcighpztj.supabase.co/storage/v1/object/public/product-images/products/206895dc-5c42-41a2-9f92-a1ccfccdd2f9/gallery-1775061337887-2lgj7f.webp""]",[],,75,,"[""classic""]","[""warm""]","[""cool""]","[""polypropylene""]","[""restaurant-terrace"", ""cafe-frontage"", ""high-volume-brasserie"", ""hotel-garden"", ""boutique-hotel""]","[""chr-heavy-use"", ""easy-maintenance"", ""indoor-outdoor"", ""lightweight"", ""stackable"", ""uv-resistant"", ""weather-resistant""]","{""seat_type"": ""pp-shell"", ""frame_material"": ""pp-standard""}",olive,,[],[],53,58,79,46,4.6,,,,,false,,true,true,true,true,true,false,true,true,false,false,false,polypropylene,pp-shell,Turkey,2 ans,,in_stock,100,15,available,0.5,0.5,0.78,true,,published,2dfa6955-a3d9-4185-adc2-f66922eeeaf7,,,,,,,,,,,,,"[""https://gwgcfgeouropcighpztj.supabase.co/storage/v1/object/public/product-images/products/206895dc-5c42-41a2-9f92-a1ccfccdd2f9/env-1775061338101-uldrbz.jpg""]",[],false,,,false,false,,false,,Unknown,,,false,,false,false,false,false,,[],,false,,,unknown,false,false,,,,,,2dfa6955-a3d9-4185-adc2-f66922eeeaf7
62dbe83f-9221-4b27-ae28-036059f5e7b3,2026-04-01T16:44:31.480674+00:00,2026-05-01T12:44:27.41972+00:00,Hisar-S,chairs,Dining Chair,Chaise empilable polypropylène pp-shell — Hisar-S,"Avec ses lignes simples et son coloris chaleureux, cette chaise apporte une touche dynamique et contemporaine à vos espaces. Son dossier ajouré assure un bon confort tout en conservant une silhouette légère et épurée.

Conçue en polypropylène, elle est résistante, facile d’entretien et parfaitement adaptée à un usage professionnel intensif, en intérieur comme en extérieur. Empilable, elle permet une gestion pratique de l’espace au quotidien.",,,,,,1,https://gwgcfgeouropcighpztj.supabase.co/storage/v1/object/public/product-images/products/206895dc-5c42-41a2-9f92-a1ccfccdd2f9/gallery-1775061190932-fzzlvk.webp,"[""https://gwgcfgeouropcighpztj.supabase.co/storage/v1/object/public/product-images/products/206895dc-5c42-41a2-9f92-a1ccfccdd2f9/gallery-1775061190932-fzzlvk.webp"", ""https://gwgcfgeouropcighpztj.supabase.co/storage/v1/object/public/product-images/products/206895dc-5c42-41a2-9f92-a1ccfccdd2f9/gallery-1775061191363-7ivajg.webp"", ""https://gwgcfgeouropcighpztj.supabase.co/storage/v1/object/public/product-images/products/206895dc-5c42-41a2-9f92-a1ccfccdd2f9/gallery-1775061191832-fxkrqz.webp""]",[],,62,,"[""classic""]","[""warm""]","[""pastel""]","[""polypropylene""]","[""restaurant-terrace"", ""cafe-frontage"", ""high-volume-brasserie"", ""hotel-garden"", ""boutique-hotel""]","[""chr-heavy-use"", ""easy-maintenance"", ""indoor-outdoor"", ""lightweight"", ""stackable"", ""uv-resistant"", ""weather-resistant""]","{""seat_type"": ""pp-shell"", ""frame_material"": ""pp-standard""}",beige,,[],[],53,51,79,46,3.45,,,,,false,,true,true,true,true,true,false,true,true,false,false,false,polypropylene,pp-shell,Turkey,2 ans,,in_stock,100,15,available,0.5,0.5,0.81,true,,published,2dfa6955-a3d9-4185-adc2-f66922eeeaf7,,,,,,,,,,,,,"[""https://gwgcfgeouropcighpztj.supabase.co/storage/v1/object/public/product-images/products/206895dc-5c42-41a2-9f92-a1ccfccdd2f9/env-1775061192016-0sgdgo.webp""]",[],false,,,false,false,,false,,Unknown,,,false,,false,false,false,false,,[],,false,,,unknown,false,false,,,,,,2dfa6955-a3d9-4185-adc2-f66922eeeaf7
f7fb6937-5731-4d23-8a2e-1f4bb738077e,2026-04-01T16:44:32.842854+00:00,2026-05-01T12:44:27.41972+00:00,Hisar-K,chairs,Dining Chair,Chaise empilable polypropylène pp-shell — Hisar-K,"Avec ses lignes simples et son coloris chaleureux, ce fauteuil apporte une touche dynamique et contemporaine à vos espaces. Son dossier ajouré et ses accoudoirs intégrés offrent un bon équilibre entre confort et légèreté visuelle.

Conçu en polypropylène, il est résistant, facile d’entretien et parfaitement adapté à un usage professionnel intensif, en intérieur comme en extérieur. Empilable, il permet une gestion pratique de l’espace au quotidien.",,,,,,1,https://gwgcfgeouropcighpztj.supabase.co/storage/v1/object/public/product-images/products/206895dc-5c42-41a2-9f92-a1ccfccdd2f9/gallery-1775061088516-le61gz.webp,"[""https://gwgcfgeouropcighpztj.supabase.co/storage/v1/object/public/product-images/products/206895dc-5c42-41a2-9f92-a1ccfccdd2f9/gallery-1775061088516-le61gz.webp"", ""https://gwgcfgeouropcighpztj.supabase.co/storage/v1/object/public/product-images/products/206895dc-5c42-41a2-9f92-a1ccfccdd2f9/gallery-1775061089060-scgyi3.webp"", ""https://gwgcfgeouropcighpztj.supabase.co/storage/v1/object/public/product-images/products/206895dc-5c42-41a2-9f92-a1ccfccdd2f9/gallery-1775061089261-c6tflx.webp""]",[],,70,,"[""classic""]","[""warm""]","[""dark""]","[""polypropylene""]","[""restaurant-terrace"", ""cafe-frontage"", ""high-volume-brasserie"", ""hotel-garden"", ""boutique-hotel""]","[""chr-heavy-use"", ""easy-maintenance"", ""indoor-outdoor"", ""lightweight"", ""stackable"", ""uv-resistant"", ""weather-resistant""]","{""seat_type"": ""pp-shell"", ""frame_material"": ""pp-standard""}",orange,,[],[],53,58,79,46,4,,,,,false,,true,true,true,true,true,false,true,true,false,false,false,polypropylene,pp-shell,Turkey,2 ans,,in_stock,100,15,available,0.5,0.5,0.81,true,,published,2dfa6955-a3d9-4185-adc2-f66922eeeaf7,,,,,,,,,,,,,"[""https://gwgcfgeouropcighpztj.supabase.co/storage/v1/object/public/product-images/products/206895dc-5c42-41a2-9f92-a1ccfccdd2f9/env-1775061089446-cgqjhv.webp""]",[],false,,,false,false,,false,,Unknown,,,false,,false,false,false,false,,[],,false,,,unknown,false,false,,,,,,2dfa6955-a3d9-4185-adc2-f66922eeeaf7
7e20fa62-4f56-414a-b03c-298dc087ebcc,2026-04-01T16:44:35.522042+00:00,2026-05-01T12:44:27.41972+00:00,Balat-S,chairs,Dining Chair,Chaise empilable polypropylène pp-shell — Balat-S,"Avec son design minimaliste et ses lignes équilibrées, cette chaise s’intègre facilement dans tous types d’environnements. Sa silhouette légère permet de créer des espaces harmonieux, tout en restant discrète et efficace.

Conçue en polypropylène, elle est résistante, facile d’entretien et parfaitement adaptée à un usage professionnel intensif, en intérieur comme en extérieur. Empilable, elle offre une grande praticité au quotidien.",,,,,,1,https://gwgcfgeouropcighpztj.supabase.co/storage/v1/object/public/product-images/products/206895dc-5c42-41a2-9f92-a1ccfccdd2f9/gallery-1775060912302-wfoh72.webp,"[""https://gwgcfgeouropcighpztj.supabase.co/storage/v1/object/public/product-images/products/206895dc-5c42-41a2-9f92-a1ccfccdd2f9/gallery-1775060912302-wfoh72.webp"", ""https://gwgcfgeouropcighpztj.supabase.co/storage/v1/object/public/product-images/products/206895dc-5c42-41a2-9f92-a1ccfccdd2f9/gallery-1775060912732-ewoczi.webp""]",[],,69,,"[""classic""]","[""warm""]","[""cool""]","[""polypropylene""]","[""restaurant-terrace"", ""cafe-frontage"", ""high-volume-brasserie"", ""hotel-garden"", ""boutique-hotel""]","[""chr-heavy-use"", ""easy-maintenance"", ""indoor-outdoor"", ""lightweight"", ""stackable"", ""uv-resistant"", ""weather-resistant""]","{""seat_type"": ""pp-shell"", ""frame_material"": ""pp-standard""}",grey,,[],[],53,51,79,46,3.8,,,,,false,,true,true,true,true,true,false,true,true,false,false,false,polypropylene,pp-shell,Turkey,2 ans,,in_stock,100,15,available,0.5,0.5,0.78,true,,published,2dfa6955-a3d9-4185-adc2-f66922eeeaf7,,,,,,,,,,,,,"[""https://gwgcfgeouropcighpztj.supabase.co/storage/v1/object/public/product-images/products/206895dc-5c42-41a2-9f92-a1ccfccdd2f9/env-1775060912930-jq9zl6.webp""]",[],false,,,false,false,,false,,Unknown,,,false,,false,false,false,false,,[],,false,,,unknown,false,false,,,,,,2dfa6955-a3d9-4185-adc2-f66922eeeaf7
fb5b6802-b4c9-4701-9053-a899966ff607,2026-04-01T16:44:36.408716+00:00,2026-05-01T12:44:27.41972+00:00,Balat-K,chairs,Dining Chair,Chaise empilable polypropylène pp-shell — Balat-K,"Avec son design épuré et ses lignes horizontales, cette chaise apporte une touche contemporaine tout en restant discrète et facile à intégrer. Disponible en plusieurs coloris, elle permet de créer des ambiances variées selon votre projet.

Conçue en polypropylène, elle offre une excellente résistance aux usages intensifs et aux conditions extérieures. Légère, empilable et facile d’entretien, elle répond parfaitement aux besoins des professionnels.",,,,,,1,https://gwgcfgeouropcighpztj.supabase.co/storage/v1/object/public/product-images/products/206895dc-5c42-41a2-9f92-a1ccfccdd2f9/gallery-1775060776630-l73ikb.webp,"[""https://gwgcfgeouropcighpztj.supabase.co/storage/v1/object/public/product-images/products/206895dc-5c42-41a2-9f92-a1ccfccdd2f9/gallery-1775060776630-l73ikb.webp"", ""https://gwgcfgeouropcighpztj.supabase.co/storage/v1/object/public/product-images/products/206895dc-5c42-41a2-9f92-a1ccfccdd2f9/gallery-1775060777144-hnbf39.webp"", ""https://gwgcfgeouropcighpztj.supabase.co/storage/v1/object/public/product-images/products/206895dc-5c42-41a2-9f92-a1ccfccdd2f9/gallery-1775060777340-psog35.webp""]",[],,75,,"[""classic""]","[""warm""]","[""dark""]","[""polypropylene""]","[""restaurant-terrace"", ""cafe-frontage"", ""high-volume-brasserie"", ""hotel-garden"", ""boutique-hotel""]","[""chr-heavy-use"", ""easy-maintenance"", ""indoor-outdoor"", ""lightweight"", ""stackable"", ""uv-resistant"", ""weather-resistant""]","{""seat_type"": ""pp-shell"", ""frame_material"": ""pp-standard""}",terracotta,,[],[],58,53,79,46,4.5,,,,,false,,true,true,true,true,true,false,true,true,false,false,false,polypropylene,pp-shell,Turkey,2 ans,,in_stock,100,15,available,0.5,0.5,0.81,true,,published,2dfa6955-a3d9-4185-adc2-f66922eeeaf7,,,,,,,,,,,,,"[""https://gwgcfgeouropcighpztj.supabase.co/storage/v1/object/public/product-images/products/206895dc-5c42-41a2-9f92-a1ccfccdd2f9/env-1775060777521-shkm64.webp""]",[],false,,,false,false,,false,,Unknown,,,false,,false,false,false,false,,[],,false,,,unknown,false,false,,,,,,2dfa6955-a3d9-4185-adc2-f66922eeeaf7
18de85c4-f950-43aa-85e6-a4ba8728aad6,2026-04-01T16:44:36.963662+00:00,2026-05-01T12:44:27.41972+00:00,Galata-S,chairs,Dining Chair,Chaise empilable polypropylène pp-shell — Galata-S,"Avec son design épuré et ses lignes verticales, cette chaise offre une esthétique sobre et moderne, facile à intégrer dans tous types d’environnements. Sa silhouette légère permet de créer des espaces harmonieux et fonctionnels.

Conçue en polypropylène, elle est particulièrement résistante, facile d’entretien et parfaitement adaptée à un usage professionnel intensif, en intérieur comme en extérieur. Empilable, elle permet d’optimiser l’espace au quotidien.",,,,,,1,https://gwgcfgeouropcighpztj.supabase.co/storage/v1/object/public/product-images/products/206895dc-5c42-41a2-9f92-a1ccfccdd2f9/gallery-1775060595158-aj3d81.webp,"[""https://gwgcfgeouropcighpztj.supabase.co/storage/v1/object/public/product-images/products/206895dc-5c42-41a2-9f92-a1ccfccdd2f9/gallery-1775060595158-aj3d81.webp"", ""https://gwgcfgeouropcighpztj.supabase.co/storage/v1/object/public/product-images/products/206895dc-5c42-41a2-9f92-a1ccfccdd2f9/gallery-1775060595758-kycxuz.webp"", ""https://gwgcfgeouropcighpztj.supabase.co/storage/v1/object/public/product-images/products/206895dc-5c42-41a2-9f92-a1ccfccdd2f9/gallery-1775060595966-ut34x7.webp""]",[],,69,,"[""classic""]","[""warm""]","[""dark""]","[""polypropylene""]","[""restaurant-terrace"", ""cafe-frontage"", ""high-volume-brasserie"", ""hotel-garden"", ""boutique-hotel""]","[""chr-heavy-use"", ""easy-maintenance"", ""indoor-outdoor"", ""lightweight"", ""stackable"", ""uv-resistant"", ""weather-resistant""]","{""seat_type"": ""pp-shell"", ""frame_material"": ""pp-standard""}",terracotta,,[],[],53,51,79,46,3.85,,,,,false,,true,true,true,true,true,false,true,true,false,false,false,polypropylene,pp-shell,Turkey,2 ans,,in_stock,100,15,available,0.5,0.5,0.81,true,,published,2dfa6955-a3d9-4185-adc2-f66922eeeaf7,,,,,,,,,,,,,"[""https://gwgcfgeouropcighpztj.supabase.co/storage/v1/object/public/product-images/products/206895dc-5c42-41a2-9f92-a1ccfccdd2f9/env-1775060596217-t7atux.webp""]",[],false,,,false,false,,false,,Unknown,,,false,,false,false,false,false,,[],,false,,,unknown,false,false,,,,,,2dfa6955-a3d9-4185-adc2-f66922eeeaf7
bd7fd08f-a75c-4b2f-a773-f42b8efc9e48,2026-04-01T16:44:37.512913+00:00,2026-05-01T12:44:27.41972+00:00,Galata-K,chairs,Dining Chair,Chaise empilable polypropylène pp-shell — Galata-K,"Avec son design épuré et ses lignes verticales, ce fauteuil offre une esthétique sobre et moderne, facile à intégrer dans tous types d’environnements. Ses accoudoirs intégrés apportent un confort supplémentaire tout en conservant une silhouette légère.

Conçu en polypropylène, il est particulièrement résistant, facile d’entretien et parfaitement adapté à un usage professionnel intensif, en intérieur comme en extérieur. Sa conception empilable en fait une solution pratique pour optimiser l’espace.",,,,,,1,https://gwgcfgeouropcighpztj.supabase.co/storage/v1/object/public/product-images/products/206895dc-5c42-41a2-9f92-a1ccfccdd2f9/gallery-1775060455893-f22stk.webp,"[""https://gwgcfgeouropcighpztj.supabase.co/storage/v1/object/public/product-images/products/206895dc-5c42-41a2-9f92-a1ccfccdd2f9/gallery-1775060455893-f22stk.webp"", ""https://gwgcfgeouropcighpztj.supabase.co/storage/v1/object/public/product-images/products/206895dc-5c42-41a2-9f92-a1ccfccdd2f9/gallery-1775060456335-dly36v.webp"", ""https://gwgcfgeouropcighpztj.supabase.co/storage/v1/object/public/product-images/products/206895dc-5c42-41a2-9f92-a1ccfccdd2f9/gallery-1775060456753-4dw1et.webp""]",[],,66,,"[""classic""]","[""warm""]","[""cool""]","[""polypropylene""]","[""restaurant-terrace"", ""cafe-frontage"", ""high-volume-brasserie"", ""hotel-garden"", ""boutique-hotel""]","[""chr-heavy-use"", ""easy-maintenance"", ""indoor-outdoor"", ""lightweight"", ""stackable"", ""uv-resistant"", ""weather-resistant""]","{""seat_type"": ""pp-shell"", ""frame_material"": ""pp-standard""}",grey,,[],[],580,530,79,46,4.5,,,,,false,,true,true,true,true,true,false,true,true,false,false,false,polypropylene,pp-shell,Turkey,2 ans,,in_stock,100,15,available,0.5,0.5,0.81,true,,published,2dfa6955-a3d9-4185-adc2-f66922eeeaf7,,,,,,,,,,,,,"[""https://gwgcfgeouropcighpztj.supabase.co/storage/v1/object/public/product-images/products/206895dc-5c42-41a2-9f92-a1ccfccdd2f9/env-1775060456944-mkkhfj.webp""]",[],false,,,false,false,,false,,Unknown,,,false,,false,false,false,false,,[],,false,,,unknown,false,false,,,,,,2dfa6955-a3d9-4185-adc2-f66922eeeaf7
e54f7230-cbeb-420e-a4b9-5d511602fb96,2026-04-01T17:16:00.796042+00:00,2026-05-01T12:44:27.41972+00:00,HPL Bois,tables,,Plateau de table effet bois – chaleur et authenticité,"Avec son décor bois aux nuances naturelles, ce plateau apporte immédiatement chaleur et authenticité à vos espaces. Son aspect texturé reproduit fidèlement le veinage du bois tout en conservant une esthétique moderne et élégante.

Conçu pour un usage professionnel, il est résistant, facile d’entretien et parfaitement adapté à une utilisation intensive en intérieur comme en extérieur. Son format rond favorise la convivialité et les échanges.",,,,,,1,https://gwgcfgeouropcighpztj.supabase.co/storage/v1/object/public/product-images/products/206895dc-5c42-41a2-9f92-a1ccfccdd2f9/gallery-1775063550400-rip26u.jpg,"[""https://gwgcfgeouropcighpztj.supabase.co/storage/v1/object/public/product-images/products/206895dc-5c42-41a2-9f92-a1ccfccdd2f9/gallery-1775063550400-rip26u.jpg""]",[],,128.52,278.64,"[""classic"", ""luxury""]","[""authentic""]","[""pastel""]","[""hpl""]","[""cafe-frontage"", ""boutique-hotel""]","[""chr-heavy-use"", ""easy-maintenance"", ""indoor-outdoor"", ""lightweight"", ""uv-resistant"", ""weather-resistant""]","{""shape"": ""round"", ""table_type"": ""top-only"", ""top_material"": ""hpl""}",natural,,[],[],,,,,6,,,,,false,,true,false,true,true,true,false,true,true,false,false,false,hpl,,,2 ans,,on_order,63,30,,0.5,0.5,0.51,true,,published,2dfa6955-a3d9-4185-adc2-f66922eeeaf7,,,,,,,,,,,,,[],"[{""label"": ""Ø60 cm — 2 couverts"", ""price"": 119, ""seats"": 2, ""available"": true, ""stock_status"": ""made_to_order"", ""dimension_tag"": ""o60"", ""stock_quantity"": null}, {""label"": ""Ø70 cm — 2 couverts"", ""price"": 162, ""seats"": 2, ""available"": true, ""stock_status"": ""made_to_order"", ""dimension_tag"": ""o70"", ""stock_quantity"": null}, {""label"": ""Ø80 cm — 4 couverts"", ""price"": 210, ""seats"": 4, ""available"": true, ""stock_status"": ""made_to_order"", ""dimension_tag"": ""o80"", ""stock_quantity"": null}, {""label"": ""Ø90 cm — 4 couverts"", ""price"": 258, ""seats"": 4, ""available"": true, ""stock_status"": ""made_to_order"", ""dimension_tag"": ""o90"", ""stock_quantity"": null}]",false,,,false,false,,false,,Unknown,,,false,,false,false,false,false,,[],,false,,,unknown,false,false,,,,,,2dfa6955-a3d9-4185-adc2-f66922eeeaf7
3f979296-6ab9-4ef8-b1ba-594a16bed9c1,2026-04-01T17:16:01.526548+00:00,2026-05-01T12:44:27.41972+00:00,Lotus Round,tables,Table Base,Base de table centrale acier — Lotus Round,"Avec sa base ronde et sa colonne centrale épurée, ce piètement de table offre une solution à la fois esthétique et fonctionnelle pour vos aménagements. Son design minimaliste permet de s’intégrer facilement à différents styles de plateaux.

Conçu pour un usage professionnel, il garantit une excellente stabilité tout en optimisant l’espace autour de la table. Idéal pour créer des configurations conviviales et pratiques en intérieur comme en extérieur.",,,,,,1,https://gwgcfgeouropcighpztj.supabase.co/storage/v1/object/public/product-images/products/206895dc-5c42-41a2-9f92-a1ccfccdd2f9/gallery-1775063239139-68ponv.webp,"[""https://gwgcfgeouropcighpztj.supabase.co/storage/v1/object/public/product-images/products/206895dc-5c42-41a2-9f92-a1ccfccdd2f9/gallery-1775063239139-68ponv.webp"", ""https://gwgcfgeouropcighpztj.supabase.co/storage/v1/object/public/product-images/products/206895dc-5c42-41a2-9f92-a1ccfccdd2f9/gallery-1775063239651-sz1as6.webp"", ""https://gwgcfgeouropcighpztj.supabase.co/storage/v1/object/public/product-images/products/206895dc-5c42-41a2-9f92-a1ccfccdd2f9/gallery-1775063239904-z4y8cw.webp""]",[],,130,,"[""modern""]","[""relaxed""]","[""dark""]","[""steel""]","[""restaurant-terrace"", ""cafe-frontage"", ""high-volume-brasserie"", ""event-dining"", ""hotel-garden""]","[""chr-heavy-use"", ""easy-maintenance"", ""indoor-outdoor"", ""uv-resistant"", ""weather-resistant""]","{""table_type"": ""base-only"", ""frame_material"": ""steel-epoxy""}",terracotta,,[],[],,,,,13,,,,,false,,true,false,true,true,true,false,false,true,false,false,false,steel,,Turkey,2 ans,,in_stock,89,30,available,0.5,0.5,0.72,true,,published,2dfa6955-a3d9-4185-adc2-f66922eeeaf7,,,,,,,,,,,,,"[""https://gwgcfgeouropcighpztj.supabase.co/storage/v1/object/public/product-images/products/206895dc-5c42-41a2-9f92-a1ccfccdd2f9/env-1775063240088-69j39h.jpg""]",[],false,,,false,false,,false,,Unknown,,,false,,false,false,false,false,,[],,false,,,unknown,false,false,,,,,,2dfa6955-a3d9-4185-adc2-f66922eeeaf7
e11caf67-5c0f-4cdf-a06a-7bba9f354dc6,2026-04-01T20:55:03.816884+00:00,2026-05-01T12:44:27.41972+00:00,HPL Marble White,tables,,Plateau de table effet marbre – élégance intemporelle,"Avec son décor marbre blanc traversé de veines gris profond, ce plateau incarne l’élégance et le raffinement. Son rendu haut de gamme apporte immédiatement une touche chic et lumineuse à vos espaces, tout en restant moderne.

Pensé pour un usage professionnel, il offre une excellente résistance aux chocs, aux rayures et aux conditions extérieures. Facile d’entretien, il conserve son esthétique dans le temps, même en utilisation intensive.",,,,,,1,https://gwgcfgeouropcighpztj.supabase.co/storage/v1/object/public/product-images/products/206895dc-5c42-41a2-9f92-a1ccfccdd2f9/gallery-1775076548240-e37pwn.jpg,"[""https://gwgcfgeouropcighpztj.supabase.co/storage/v1/object/public/product-images/products/206895dc-5c42-41a2-9f92-a1ccfccdd2f9/gallery-1775076548240-e37pwn.jpg""]",[],,100,279,"[""luxury""]",[],"[""monochrome""]","[""hpl""]",[],"[""chr-heavy-use"", ""easy-maintenance"", ""indoor-outdoor"", ""uv-resistant"", ""weather-resistant""]","{""shape"": ""square"", ""table_type"": ""top-only"", ""top_material"": ""compact""}",white,,[],[],,,,,,,,,,false,,true,false,true,true,true,false,false,true,false,false,false,hpl,,,2 ans,,in_stock,50,30,on-order,0.5,0.5,0.48,true,,published,2dfa6955-a3d9-4185-adc2-f66922eeeaf7,,,,,,,,,,,,,[],"[{""label"": ""Ø60 cm — 2 couverts"", ""price"": 100, ""seats"": 2, ""available"": true, ""stock_status"": ""made_to_order"", ""dimension_tag"": ""o60"", ""stock_quantity"": null}, {""label"": ""Ø70 cm — 2 couverts"", ""price"": 129, ""seats"": 2, ""available"": true, ""stock_status"": ""made_to_order"", ""dimension_tag"": ""o70"", ""stock_quantity"": null}, {""label"": ""Ø80 cm — 4 couverts"", ""price"": 162, ""seats"": 4, ""available"": true, ""stock_status"": ""made_to_order"", ""dimension_tag"": ""o80"", ""stock_quantity"": null}, {""label"": ""Ø90 cm — 4 couverts"", ""price"": 235, ""seats"": 4, ""available"": true, ""stock_status"": ""made_to_order"", ""dimension_tag"": ""o90"", ""stock_quantity"": null}, {""label"": ""Ø100 cm — 4 couverts"", ""price"": 279, ""seats"": 5, ""available"": true, ""stock_status"": ""made_to_order"", ""dimension_tag"": ""o100"", ""stock_quantity"": null}]",false,,,false,false,,false,,Unknown,,,false,,false,false,false,false,,[],,false,,,unknown,false,false,,,,,,2dfa6955-a3d9-4185-adc2-f66922eeeaf7
6fe8c134-a3b3-49c3-a0b9-ed769f70ffb3,2026-04-08T15:26:19.375706+00:00,2026-05-01T12:44:27.41972+00:00,KRONOS,tables,,,,,,,,,1,https://gwgcfgeouropcighpztj.supabase.co/storage/v1/object/public/product-images/products/206895dc-5c42-41a2-9f92-a1ccfccdd2f9/gallery-1775656019690-n0e7i9.jpg,"[""https://gwgcfgeouropcighpztj.supabase.co/storage/v1/object/public/product-images/products/206895dc-5c42-41a2-9f92-a1ccfccdd2f9/gallery-1775656019690-n0e7i9.jpg""]",[],,96.6,,"[""bistro""]","[""authentic""]","[""dark""]",[],"[""cafe-frontage"", ""beach-club"", ""boutique-hotel""]","[""chr-heavy-use"", ""indoor-outdoor"", ""uv-resistant"", ""weather-resistant""]","{""shape"": ""square"", ""base_type"": ""bistrot-base"", ""table_type"": ""base-only"", ""height_type"": ""dining"", ""dimension_tag"": ""60x60""}",black,,[],[],53,53,71,,8,,2,,,false,,true,false,true,true,true,false,false,false,false,false,false,acier,,Espagne,2 ans,,in_stock,45,15,available,0.5,0.5,0.64,true,,published,2dfa6955-a3d9-4185-adc2-f66922eeeaf7,,,,,,,,,,,,,[],[],false,,,false,false,,false,,Unknown,,,false,,false,false,false,false,,[],,false,,,unknown,false,false,,,,,,2dfa6955-a3d9-4185-adc2-f66922eeeaf7
d189a3f7-05ab-4c90-b077-dec6f91a1d8d,2026-04-08T15:26:25.723676+00:00,2026-05-01T12:44:27.41972+00:00,BISTROP,tables,,,,,,,,,1,https://gwgcfgeouropcighpztj.supabase.co/storage/v1/object/public/product-images/products/206895dc-5c42-41a2-9f92-a1ccfccdd2f9/gallery-1775655839273-kahga1.jpg,"[""https://gwgcfgeouropcighpztj.supabase.co/storage/v1/object/public/product-images/products/206895dc-5c42-41a2-9f92-a1ccfccdd2f9/gallery-1775655839273-kahga1.jpg"", ""https://gwgcfgeouropcighpztj.supabase.co/storage/v1/object/public/product-images/products/206895dc-5c42-41a2-9f92-a1ccfccdd2f9/gallery-1775655839716-1ej9pl.jpg"", ""https://gwgcfgeouropcighpztj.supabase.co/storage/v1/object/public/product-images/products/206895dc-5c42-41a2-9f92-a1ccfccdd2f9/gallery-1775655840214-xug7rx.jpg""]",[],,127.44,,"[""bistro""]","[""authentic""]","[""dark""]","[""aluminium""]","[""beach-club""]","[""chr-heavy-use"", ""easy-maintenance"", ""indoor-outdoor"", ""uv-resistant"", ""weather-resistant""]","{""shape"": ""square"", ""base_type"": ""bistrot-base"", ""table_type"": ""base-only"", ""height_type"": ""dining"", ""dimension_tag"": ""60x60"", ""frame_material"": ""alu-powder""}",black,,[],[],53,53,72,,6,,2,,,false,,true,false,true,true,true,false,false,true,false,false,false,aluminium,,Espagne,2 ans,,in_stock,40,15,available,0.5,0.5,0.71,true,,published,2dfa6955-a3d9-4185-adc2-f66922eeeaf7,,,,,,,,,,,,,[],[],false,,,false,false,,false,,Unknown,,,false,,false,false,false,false,,[],,false,,,unknown,false,false,,,,,,2dfa6955-a3d9-4185-adc2-f66922eeeaf7
